Locus, Accession ID, Protein Name, Organism, Sequence, Label
LOC8072046,>XP_002446370.1,potassium transporter 1,[Sorghum bicolor],MSSSLEVDNPGGGGGGGGESANRLSLKRHDSLFGDAEKVSGGKYHGSDGSWARTLHLAFQSVGIIYGDIGTSPLYVYSSTFPDGIKYNDDLLGVLSLIIYTLIVIPMLKYVFIVLYANDNGDGGTFALYSLISRYAKIRMIPNQQAEDAMVSNYSIEAPNSQLRTAQWFKQKLESSKAAKIVLFTLTILGTSMVMGDGTLTPAISVLSAVSGIKEKAPSLTQSQVVWISVAILFLLFSVQRFGTDKVGYTFAPVISVWFLLIAGIGLYNLVEHDIGVLRAFNPWYIVQYFKRNGKEGWVSLGGIILCVTGTEGMFADLGHFNIRAVQISFNGILFPSVALCYIGQAAYLRKFPDNVGDTFYKSIPAPLFWPTFIVAILAAIIASQAMLSGAFAILSKALSLGCLPRVQVIHTSKKYEGQVYIPEVNFLMGLASIIVTIAFRTTTSIGNAYGICVVTTFSITTHLMTVVMLVIWKKHIVYVLLFYVVFGFTELIYLSSILSKFVQGGYLPFCFALVLMTLMATWHYVHVKRYWYELDHIVPTGQMTTLLEKNDVRRIPGVGLLYTELVQGIPPVFPRLIKKIPSVHAVFLFMSIKHLPIPHVAPPERFLFRQVGAREQRVFRCVARYGYSDALEEPKEFAAFLVDRLKMFIQEEMAFAQAENEAGNEDDDGGEAAAAAARPRRSTSSVVHSEEAIQSRVSTHSGRITFQANQQTTTAEEEKQLIDREVERGVVYLMGEANVSAGPRSSILKKIVVNYIYTFLRKNLTEGHKALAIPKDQLLKVGITYEI,0
LOC8054613,>XP_021310473.1,ABC transporter A family member 7 isoform X1,[Sorghum bicolor],MDSPRGPASFATQANALLRKNLSVQKRNLKTNIGITFFPILICVLLIVLQNIINNELDKPKYKCGCVCLETSLDGRCARKQCGIQYSTLDQVGSCPIPSPPQWPAMIQIPRADFRAVRTFSQPFSDLPDPFCRDSWSCPATVLVTGKDKAVAEAISGGLFPVLSPSLNATDLLDLFTKIVAGSDTQPWYTQLLEPAFFSGRTLYVIQPECLPVMSQTITYNTGGIPFQLNIQCVEGVPLWRESASIINHEFLKGYRQRGGEINEFIAGYDFLGTTQYGLGVNVWYNSTYSDNNAYSFITTLRVPRLVNAVSNAYLKFIKGTGVEMLLEYVKDMPKVGTSFQLDLSSLLSVLFFTWIIELLFPVMLSYLVYEKQQKLRIMMKMHGLKDGPYWLISYSYFLALSIVYMLFFMIFGSLIGLNFFRVNEYSIQVVFFFICINLQIALAFFVASFFLSVKMATVIGYMYVFGSGLLGAFLFRFFVEDQMFPYGWTLVMEIVPAFSLYRGLYELGQYAFSGSSMGATGMTWRSLKDPLNGMHDVMIIMSVEWAVLLILAFYLDQASLLGGGVRKNPFFCFRCLQKKHAPSLHEPSNAQQDSKVILDVEKSDVALERKRVEQLLIDPNANQAIICDNLRKVYHGRDGNPNKLAVRGLSLVLQKGQCFGMLGPNGAGKTSFINMMIGLIKPTSGTAYVHGMDINMDMGNIYTNMGVCPQHKYLLLPRTNLAKSFPLWIIYLIMVICGLKCSLLWETLTGKEHLFFYGRLKNLKGAELMKAVDHSLKSVNLSHGNVGDKQVKKYSGGMKRRLSVAISLIGDPKVVFMDEPSTGLDPASRNNLWNVVKEAKKNRAIILTTHSMEEAEVLCDRLGIFVDGDFQCLGNPKELKARYGGTYILTVTTPPDQEMEVEQLVHQFSPSANKIYHLSGTQKFELPKQEVKIAHVFDVVEKAKRRLTIHAWGLVDTTLEDVFIKVARGAQVFNEFV,0
LOC8054613,>XP_021310475.1,ABC transporter A family member 7 isoform X2,[Sorghum bicolor],MDSPRGPASFATQANALLRKNLSVQKRNLKTNIGITFFPILICVLLIVLQNIINNELDKPKYKCGCVCLETSLDGRCARKQCGIQYSTLDQVGSCPIPSPPQWPAMIQIPRADFRAVRTFSQPFSDLPDPFCRDSWSCPATVLVTGKDKAVAEAISGGLFPVLSPSLNATDLLDLFTKIVAGSDTQPWYTQLLEPAFFSGRTLYVIQPECLPVMSQTITYNTGGIPFQLNIQCVEGVPLWRESASIINHEFLKGYRQRGGEINEFIAGYDFLGTTQYGLGVNVWYNSTYSDNNAYSFITTLRVPRLVNAVSNAYLKFIKGTGVEMLLEYVKDMPKVGTSFQLDLSSLLSVLFFTWIIELLFPVMLSYLVYEKQQKLRIMMKMHGLKDGPYWLISYSYFLALSIVYMLFFMIFGSLIGLNFFRVNEYSIQVVFFFICINLQIALAFFVASFFLSVKMATVIGYMYVFGSGLLGAFLFRFFVEDQMFPYGWTLVMEIVPAFSLYRGLYELGQYAFSGSSMGATGMTWRSLKDPLNGMHDVMIIMSVEWAVLLILAFYLDQASLLGGGVRKNPFFCFRCLQKKHAPSLHEPSNAQQDSKVILDVEKSDVALERKRVEQLLIDPNANQAIICDNLRKVYHGRDGNPNKLAVRGLSLVLQKGQCFGMLGPNGAGKTSFINMMIGLIKPTSGTAYVHGMDINMDMGNIYTNMGVCPQHNLLWETLTGKEHLFFYGRLKNLKGAELMKAVDHSLKSVNLSHGNVGDKQVKKYSGGMKRRLSVAISLIGDPKVVFMDEPSTGLDPASRNNLWNVVKEAKKNRAIILTTHSMEEAEVLCDRLGIFVDGDFQCLGNPKELKARYGGTYILTVTTPPDQEMEVEQLVHQFSPSANKIYHLSGTQKFELPKQEVKIAHVFDVVEKAKRRLTIHAWGLVDTTLEDVFIKVARGAQVFNEFV,0
LOC8054613,>XP_021310476.1,ABC transporter A family member 7 isoform X3,[Sorghum bicolor],MDSPRGPASFATQANALLRKNLSVQKRNLKTNIGITFFPILICVLLIVLQNIINNELDKPKYKCGCVCLETSLDGRCARKQCGIQYSTLDQVGSCPIPSPPQWPAMIQIPRADFRAVRTFSQPFSDLPDPFCRDSWSCPATVLVTGKDKAVAEAISGGLFPVLSPSLNATDLLDLFTKIVAGSDTQPWYTQLLEPAFFSGRTLYVIQPECLPVMSQTITYNTGGIPFQLNIQCVEGVPLWRESASIINHEFLKGYRQRGGEINEFIAGYDFLGTTQYGLGVNVWYNSTYSDNNAYSFITTLRVPRLVNAVSNAYLKFIKGTGVEMLLEYVKDMPKVGTSFQLDLSSLLSVLFFTWIIELLFPVMLSYLVYEKQQKLRIMMKMHGLKDGPYWLISYSYFLALSIVYMLFFMIFGSLIGLNFFRVNEYSIQVVFFFICINLQIALAFFVASFFLSVKMATVIGYMYVFGSGLLGAFLFRFFVEDQMFPYGWTLVMEIVPAFSLYRGLYELGQYAFSGSSMGATGMTWRSLKDPLNGMHDVMIIMSVEWAVLLILAFYLDQASLLGGGVRKNPFFCFRCLQKKHAPSLHEPSNAQQDSKVILDVEKSDVALERKRVEQLLIDPNANQAIICDNLRKVYHGRDGNPNKLAVRGLSLVLQKGQCFGMLGPNGAGKTSFINMMIGLIKPTSGTAYVHGMDINMDMGNIYTNMGVCPQHKLKNLKGAELMKAVDHSLKSVNLSHGNVGDKQVKKYSGGMKRRLSVAISLIGDPKVVFMDEPSTGLDPASRNNLWNVVKEAKKNRAIILTTHSMEEAEVLCDRLGIFVDGDFQCLGNPKELKARYGGTYILTVTTPPDQEMEVEQLVHQFSPSANKIYHLSGTQKFELPKQEVKIAHVFDVVEKAKRRLTIHAWGLVDTTLEDVFIKVARGAQVFNEFV,0
LOC8054613,>XP_021310477.1,ABC transporter A family member 7 isoform X4,[Sorghum bicolor],MSSTSPSTNAVASASRPVWMEGVQGNSVASSTRRWIRAVRTFSQPFSDLPDPFCRDSWSCPATVLVTGKDKAVAEAISGGLFPVLSPSLNATDLLDLFTKIVAGSDTQPWYTQLLEPAFFSGRTLYVIQPECLPVMSQTITYNTGGIPFQLNIQCVEGVPLWRESASIINHEFLKGYRQRGGEINEFIAGYDFLGTTQYGLGVNVWYNSTYSDNNAYSFITTLRVPRLVNAVSNAYLKFIKGTGVEMLLEYVKDMPKVGTSFQLDLSSLLSVLFFTWIIELLFPVMLSYLVYEKQQKLRIMMKMHGLKDGPYWLISYSYFLALSIVYMLFFMIFGSLIGLNFFRVNEYSIQVVFFFICINLQIALAFFVASFFLSVKMATVIGYMYVFGSGLLGAFLFRFFVEDQMFPYGWTLVMEIVPAFSLYRGLYELGQYAFSGSSMGATGMTWRSLKDPLNGMHDVMIIMSVEWAVLLILAFYLDQASLLGGGVRKNPFFCFRCLQKKHAPSLHEPSNAQQDSKVILDVEKSDVALERKRVEQLLIDPNANQAIICDNLRKVYHGRDGNPNKLAVRGLSLVLQKGQCFGMLGPNGAGKTSFINMMIGLIKPTSGTAYVHGMDINMDMGNIYTNMGVCPQHKYLLLPRTNLAKSFPLWIIYLIMVICGLKCSLLWETLTGKEHLFFYGRLKNLKGAELMKAVDHSLKSVNLSHGNVGDKQVKKYSGGMKRRLSVAISLIGDPKVVFMDEPSTGLDPASRNNLWNVVKEAKKNRAIILTTHSMEEAEVLCDRLGIFVDGDFQCLGNPKELKARYGGTYILTVTTPPDQEMEVEQLVHQFSPSANKIYHLSGTQKFELPKQEVKIAHVFDVVEKAKRRLTIHAWGLVDTTLEDVFIKVARGAQVFNEFV,0
LOC8054613,>XP_021310478.1,ABC transporter A family member 7 isoform X5,[Sorghum bicolor],MSQTITYNTGGIPFQLNIQCVEGVPLWRESASIINHEFLKGYRQRGGEINEFIAGYDFLGTTQYGLGVNVWYNSTYSDNNAYSFITTLRVPRLVNAVSNAYLKFIKGTGVEMLLEYVKDMPKVGTSFQLDLSSLLSVLFFTWIIELLFPVMLSYLVYEKQQKLRIMMKMHGLKDGPYWLISYSYFLALSIVYMLFFMIFGSLIGLNFFRVNEYSIQVVFFFICINLQIALAFFVASFFLSVKMATVIGYMYVFGSGLLGAFLFRFFVEDQMFPYGWTLVMEIVPAFSLYRGLYELGQYAFSGSSMGATGMTWRSLKDPLNGMHDVMIIMSVEWAVLLILAFYLDQASLLGGGVRKNPFFCFRCLQKKHAPSLHEPSNAQQDSKVILDVEKSDVALERKRVEQLLIDPNANQAIICDNLRKVYHGRDGNPNKLAVRGLSLVLQKGQCFGMLGPNGAGKTSFINMMIGLIKPTSGTAYVHGMDINMDMGNIYTNMGVCPQHKYLLLPRTNLAKSFPLWIIYLIMVICGLKCSLLWETLTGKEHLFFYGRLKNLKGAELMKAVDHSLKSVNLSHGNVGDKQVKKYSGGMKRRLSVAISLIGDPKVVFMDEPSTGLDPASRNNLWNVVKEAKKNRAIILTTHSMEEAEVLCDRLGIFVDGDFQCLGNPKELKARYGGTYILTVTTPPDQEMEVEQLVHQFSPSANKIYHLSGTQKFELPKQEVKIAHVFDVVEKAKRRLTIHAWGLVDTTLEDVFIKVARGAQVFNEFV,0
LOC8070029,>XP_021320333.1,ABC transporter A family member 8 isoform X1,[Sorghum bicolor],MESRRRSRGLARFSRQVHALFLKNLSFQRRNARTNAAIAAFPALLCVLLVTIQRVVDSELERPPFRCGCVGTECGIQYSTPIQALACAVPAPPRWPALVQVPPTEARALTRLHPRPCKASEKSCPATVLLTGQNRQLAQGLGNLLFPPVPPQYGLMPAASNSSDYLDLFSTVVPGSSSLPAHVLFIEPGLVPNETLYLLQPKCLSESRNISGHFDGIPMESDMQCVQALSLWCDNSSVINNHMFKGYKGGNKRRRSNEFLAGYDFLDTNKRRFHIYVWYNSSFSRDNGHHSMTVLRVSRLVNMASTAYLNFLKGENAEMRLEFLKEMPKAAVKTRLDFTTLLDALFFTWTVQLLLPVILTYLVYEKQQRLRLMMKMHGLKDAPYWLVSYAYFLALSAAYMMFFIIFGSIIGLVIFRLNSYIIQSLFYFVCINLQIMSAFLLATFFSSVKTASVIGYMYVFGSSLLGEALLKIFIEDATFPRHWLVIMELVPGFSMYRGIYELSEYAAAGRNMGKPGMRWVDLNDPINGMKDVLVLMSIEWIILLVVAFLLDHRPAWQPLFLFGFLSTKHSSPSQKPIKLKRQSRRVHVYATKPDVSLERKVVKRLLKDMDMRNMIICHNLKKVYPGKNGNPDKHAVKGLSLALRKGQCFGMLGPNGAGKTSFINMMIGLVKPTYGTAYIHGMDLRTDMNEIYTNIGVCPQHDLLWEPLTGREHLMFFGRMKNLTGAALTQAVEDSLKSVNLFHSGFGDKSVSKYSGGMKRRLSVAIALIGNPKVVYMDEPSTGLDSRSRNDLWNIIKRAKKDCTIILTTHSMEEAEELCDRIGIFINGNFQCIGTPKELKVRYGGTRILTITTSPEHEEAVELIVSRLSPGYTRIYSVSGTQKFALPRREVGLGCVFGAVEVARRAFPVLGWGVADATLEDVFVRVAKEARAFHVLS,0
LOC8070029,>XP_021320334.1,ABC transporter A family member 7 isoform X2,[Sorghum bicolor],MESRRRSRGLARFSRQVHALFLKNLSFQRRNARTNAAIAAFPALLCVLLVTIQRVVDSELERPPFRCGCVGTECGIQYSTPIQALACAVPAPPRWPALVQVPPTEARALTRLHPRPCKASEKSCPATVLLTGQNRQLAQGLGNLLFPPVPPQYGLMPAASNSSDYLDLFSTVVPGSSSLPAHVLFIEPGLVPNETLYLLQPKCLSESRNISGHFDGIPMESDMQCVQALSLWCDNSSVINNHMFKGYKGGNKRRRSNEFLAGYDFLDTNKRRFHIYVWYNSSFSRDNGHHSMTVLRVSRLVNMASTAYLNFLKGENAEMRLEFLKEMPKAAVKTRLDFTTLLDALFFTWTVQLLLPVILTYLVYEKQQRLRLMMKMHGLKDAPYWLVSYAYFLALSAAYMMFFIIFGSIIGLVIFRLNSYIIQSLFYFVCINLQIMSAFLLATFFSSVKTASVIGYMYVFGSSLLGEALLKIFIEDATFPRHWLVIMELVPGFSMYRGIYELSEYAAAGRNMGKPGMRWVDLNDPINGMKDVLVLMSIEWIILLVVAFLLDHRPAWQPLFLFGFLSTKHSSPSQKPIKLKRQSRRVHVYATKPDVSLERKVVKRLLKDMDMRNMIICHNLKKVYPGKNGNPDKHAVKGLSLALRKGQCFGMLGPNGAGKTSFINMMIGLVKPTYGTAYIHGMDLRTDMNEIYTNIGVCPQHDLLWEPLTGREHLMFFGRMKNLTGAALTQAVEDSLKSVNLFHSGFGDKSVSKYSGGMKRRLSVAIALIGNPKVVYMDEPSTGLDSRSRNDLWNIIKRAKKDCTIILTISRGHNTPNNYKCRGAYWS,0
LOC8071675,>XP_021314988.1,ABC transporter A family member 8 isoform X1,[Sorghum bicolor],MAARSTTLGAADFQSQADALFRKNLAIHRRACRGNCYLILFPVLVCGMVGGLQTFMDSLFRNLGGVKPDCKGCDGGGVMRLSEDAVGGLSCSQSCPLPVAQRWPVVLLLPGGKGDAALNFSALMETDNKPPPCVSPESCTPPAKFLVTGANKSFAQSLTGNMFPPHASPNLTADISGLADYALAIDGTGFGTKTYEAAFDIAALYFLQSKCTPKSTLSFPVQHGPKMDNKEARCSQALFEWRENSIVINNELYKGFRESKATERIENTNDIVSAYDLTSSDLKHYNMIVQYNSEKSNMLRVARLMNLASNAYLQLRGNGTKMRFGFVKDMPRDGHPLKAPDMSFIVGKLVFIQIIMLLFPVILSSLVYEKQQKLRAMMKMHGLGDMAYWTISYCYFLLISLLYIFLLVTFGATVGIKLFAVNSYMLQFLVYFIYMNLQISFAFFTTTYFSTTTIANVAGHLYVTGSGFIGEYLFRPFVEDTSVPRSLITLMEFFPPISLYRIIYELSPPPSEGFFSDFSGVHLGDLSNPKNGILVLLIIMVLEWPIFIFLTLYLDEFGCLRNGIRKLLTASRPDGSYQTLQKPSTQPQEFEASIEIDRTDILREREIVDRFLKQPDTSYSVIIDNIRKVYPPKDGNAEVVAVKGFSLSIQRGQCFGLLGSNGAGKTSLISMLTGFTKPTSGTAYIDGMDIRTDMSEIYTRIGVCPQFNLLWETLTGREHLMFYGRLKRLNGAALFEAAEQSLKALQIFEGGVADTLVSQYSGGMKRRLSVAISLIGDPKVVYLDEPSTGLDPASRSALWNALKFAKKDKAIILTTHSMEEAEALCDRIGIAAYGRLRCTGTSKELKAKYGGTLVFTVTVAAAAGEDEDEAVERLVRSISPAAKRTYHIAGTQKFELPKQGVKIAEVFRAMEQAKRSLNIAAWGLVDTTLEDVFIKVAC,0
LOC8071675,>XP_021314989.1,ABC transporter A family member 8 isoform X2,[Sorghum bicolor],MAARSTTLGAADFQSQADALFRKNLAIHRRACRGNCYLILFPVLVCGMVGGLQTFMDSLFRNLGGVKPDCKGCDGGGVMRLSEDAVGGLSCSQSCPLPVAQRWPVVLLLPGGKGDAALNFSALMETDNKPPPCVSPESCTPPAKFLVTGANKSFAQSLTGNMFPPHASPNLTADISGLADYALAIDGTGFGTKTYEAAFDIAALYFLQSKCTPKSTLSFPVQHGPKMDNKEARCSQALFEWRENSIVINNELYKGFRESKATERIENTNDIVSAYDLTSSDLKHYNMIVQYNSEKSNMLRVARLMNLASNAYLQLRGNGTKMRFGFVKDMPRDGHPLKAPDMSFIVGKLVFIQIIMLLFPVILSSLVYEKQQKLRAMMKMHGLGDMAYWTISYCYFLLISLLYIFLLVTFGATVGIKLFAVNSYMLQFLVYFIYMNLQISFAFFTTTYFSTTTIANVAGHLYVTGSGFIGEYLFRPFVEDTSVPRSLITLMEFFPPISLYRIIYELSPPPSEGFFSDFSGVHLGDLSNPKNGILVLLIIMVLEWPIFIFLTLYLDEFGCLRNGIRKLLTASRPDGSYQTLQKPSTQPQEFEASIEIDRTDILREREIVDRFLKQPDTSYSVIIDNIRKVYPPKDGNAEVVAVKGFSLSIQRGQCFGLLGSNGAGKTSLISMLTGFTKPTSGTAYIDGMDIRTDMSEIYTRIGVCPQFNLLWETLTGREHLMFYGRLKRLNGAALFEAAEQSLKALQIFEGGVADTLVSQYSGGMKRRLSVAISLIGDPKVVYLDEPSTGLDPASRSALWNALKFAKKDKAIILTTHSMEEAEALCDRIGIAAYGRLRCTGTSKECFQKRPPGFQCQ,0
LOC8071675,>XP_021314990.1,ABC transporter A family member 8 isoform X3,[Sorghum bicolor],MAARSTTLGAADFQSQADALFRKNLAIHRRACRGNCYLILFPVLVCGMVGGLQTFMDSLFRNLGGVKPDCKGCDGGGVMRLSEDAVGGLSCSQSCPLPVAQRWPVVLLLPGGKGDAALNFSALMETDNKPPPCVSPESCTPPAKFLVTGANKSFAQSLTGNMFPPHASPNLTADISGLADYALAIDGTGFGTKTYEAAFDIAALYFLQSKCTPKSTLSFPVQHGPKMDNKEARCSQALFEWRENSIVINNELYKGFRESKATERIENTNDIVSAYDLTSSDLKHYNMIVQYNSEKSNMLRVARLMNLASNAYLQLRGNGTKMRFGFVKDMPRDGHPLKAPDMSFIVGKLVFIQIIMLLFPVILSSLVYEKQQKLRAMMKMHGLGDMAYWTISYCYFLLISLLYIFLLVTFGATVGIKLFAVNSYMLQFLVYFIYMNLQISFAFFTTTYFSTTTIANVAGHLYVTGSGFIGEYLFRPFVEDTSVPRSLITLMEFFPPISLYRIIYELSPPPSEGFFSDFSGVHLGDLSNPKNGILVLLIIMVLEWPIFIFLTLYLDEFGCLRNGIRKLLTASRPDGSYQTLQKPSTQPQEFEASIEIDRTDILREREIVDRFLKQPDTSYSVIIDNIRKVYPPKDGNAEVVAVKGFSLSIQRGQCFGLLGSNGAGKTSLISMLTGFTKPTSGTAYIDGMDIRTDMSEIYTRIGVCPQFNLLWETLTGREHLMFYGRLKRLNGAALFERWHETSSQRRYIPDRRP,0
LOC8079323,>XP_002438616.1,ABC transporter A family member 7,[Sorghum bicolor],MEPPSAAARAAAAPRPPSFASQTNALLRKNLIFQKRNRKGTIRLIIVPIYLCLIISVLQRVINNFLDKPKYRCGCKCIVVNGTGPCQNVCGIQYSTLDQAPSCPIPNPPKWPALVQVPLPEYRAVQDSSGLFTGFPDESCRKTQSCTASIPFAGANRTLSNSIMQNLFTSSPLLNISDYTSISSHLLGTDVPGSSTGFVEPAFISARPIYVLQPQCKSSDSVTIPITVGSVNAQKEIKCVQGLPLWRNSSATINEETFQGYRKGKTAEGINEIVMGYDFQDSNEKHFNVLALYNSTYENASFIPMPFALLRIPRSLNAVSNAYLQLIRGSGVNMLLDFTKEMPKQATRLTFDFSAVAGPLFFEWVVVLLFPVMLTYLVYEKQHKLRTMMKMHGLGDGPYWIIYYMYFLIFSTLYMIVFVIFGSVIGVNFFKINDYSIQFVFFFSFINLQIVLAFLASSFFSKVNTAQAIAYLYIFGSGLMAGYLIRNFIEGGKFPRHWITVLEIIPAFSLYRGLYELGQYAVRSSETGSPGMRWSDLNDHTNGMRDVLIIIILEWLVLLPVAYYFDHASSVGHRSSLLSIIKHLLKDPTSRRITVNKIADKDVHIEMEKLDIIKERETVDQVLQQHTSGYAVICDDLKKVYRGKDGNPDKFAVQGVSLALPYGECLGILGPNGAGKSSFISMMIGFVKPTSGNAFVRGFSIQNDMEKIYSSMGVCPQNDMLWETLTGREHLQFYGRLKGLSGSSLDLAVDESLRSVNLLHGGAPDKQVKKYSGGMRRRLSVAISLIGDAKVVYMDEPSTGLDPASRKSLWSAVKQAKQDRAIILTTHSMEEAETLCDRLCIMVDGSLQCIGTPKELIARYGGYYVLTMTTLPEFEQEVENLVRKLSPSSRKVYHLSGTQKYELPKQEARISDVFMAVESFKKRVEVQAWGLADTTMEDVFVKVAKGARSSEELS,0
LOC8070023,>XP_002445455.1,ABC transporter A family member 2,[Sorghum bicolor],MELRSGGALAWQQYRALLRKNATLTWRNRRSAALQLFSSLVFIFLIFCIDRAVRSRFSSTTAYRNVPDPEPLVAPPIPPCEDKFFIKSPCYDFLWSDGGSNRIRGIVDAIRKNNPGRPIPPEKVLGFRTPDDVDAWLFQNPMRCPGALHFQDINPTQIKYGIQTNSTPVARRGTYEDPTFKFQIPLQVAAEREMARLLIGDPNFSWTVGFKEFAHPATETFSTIAQAGPTFFLAIAMFGFVFQISALVSEKELKLRQAMSTMGLYESAYWLSWFTWEALLTTISALFTVLFGMMFQFDFFLHNNFGILFLLFFLFQLNMLSFAFMISTFVAKAASATTVGFAIFIIGFLTQLVTTFGFPYSADYKKLYRTLWSLFPPDLFAKALNILGKATATPEDKGISWNQRGECPSFETDCVITIDDIYKWLISTFFLWFVLAIYFDNILPNVNGVRKSVFYFLMPSYWTGKGGKMEEGGLFSFFGSSRPADDATPTDEDVLAEQNLVKEQAANNAVDPGVAVQIHGLRKTYPGTFSIGCCKCSKSKPFHSVKGLWVNLEKDQLFCLLGPNGAGKTTTISCLTGITPITGGDAFIYGHSVRSTVGMSNIRRMIGVCPQFDILWDALTAKEHMELFASIKGLPPAAITSVAEESLAKVKLSQVTNARAGSYSGGMKRRLSVAIALIGDPKLVFLDEPTTGMDPITRRHVWDIIEEAKKGRAIVLTTHSMEEADILGDRIAIMAKGKLRCIGTSIRLKSKFGTGYIANVNFSGNGHMQSPNINSITEALANPNIEAVKWFFKERLDINPKEESKTFLTFVIPHHKESLLTRFFGELQDREGEFGISDIQLGLTTLEEVFLNIAKQAELESSTAEGTLVTLNLTSGATIQIPKGARFVGIPGTETEEHPRGLMVEVYWDQDENGSLCISGHSDEMPVPVHAEPRRPPSLSRRASMGRGGPVGYVIDLNQAP,0
LOC8073522,>XP_021320138.1,ABC transporter A family member 7,[Sorghum bicolor],MDAPAPTRGPASFLTQANALLRKNLCFQKRNLKTNIGITLFPVLLCVILVVLQGVIDNELDKPKYRCGCACVDPGPDAVGDACRRTECGVQHSTLDQVGSCPIPSPTPWPALVQVPRPESRAVRTAGQPFDGLPDPSCRDTGSCPAAVLVTGNNRSLAQNLSGGLFPASTSSLNLTDYLDELSRIVAGSDTWPWTTELIESAFIPGNNLYRLQSRCLSNLTQTVSFNAGVIPLQLNIDCVQGLPLWRESASFVNDELFKGYRQNGGGSGGGKTNEFVAGYDFLNTNMNGLEMNIWYNSTYNNNTAYVSISLLRVPRLVNAASNEYIKFLRGSGVEMLLQYVKEMPKVGTKLKFDLSSLLGALFFTWIIELLFPVILTYLVYEKQQKLKIMMKMHGLKDGPYWLISYFYFFALSAIYMILFVIFGSLIGLDFFRKNDYSLQFVFYFIYINLQISLAFLVASFFSAVKTATVVGYIYVFGSGLLGEFLLRFFVEDTGFPKGWIVLMEIIPGFSLFRGLYEFGQYASAGNSMGTTGMKWSNLDDSLNGMRGVLIIMVVEWAILLPLAFYVDQVSSLGGGFRKNSFFFLSCFKRRALSLRRYSFRRQESKVVVEMDNPDAVQEREVVEQLLLEPIANQAILSDNLKKVYHGKDGNPDKLAVRGLSLAIPKGQCFGMLGPNGAGKTSFISMMIGLIPPTSGTAYVHGMDIRTDMDEIYTNMGVCPQHDLLWETLTGREHLLFYGRLKNLKGTELLKAVDDSLKSVNLFHGGVGDKQVGKYSGGMKRRLSVAISLIGDPKVVFMDEPSTGLDPASRNNLWSVVKEAKRNRAIILTTHSMEEAEVLCDRLGIFVDGGFQCLGNPKELKARYGGTYVLTMTTSSENEKEVEQLVHHLSPNASRIYHISGTQKFELPKQDLKIADVFHAVESAKCRFNIYAWGLVDTTLEDVFIKVAKGAQAFNVVT,0
LOC8071676,>XP_021314563.1,ABC transporter A family member 8,[Sorghum bicolor],MGANYLAQTNALFRKNLVIQRRNHRSNCCLICFPLLICVLLGGVQLIVAIAYFTSSAHRAPRTDCGYCATSTNTSSTDTVGGLVCPTQCPLPIAPKWPPVLQLPPAPDDLDDFGSSAASTNLTAADSITRAKAEPPAATFLVTGTNRSFAERVMSNMLPKHDDELKSAADISTIADFALGTDAMHFISNGAEELGSDFDHRNHIFFLQSNCTPNATLSFPVQEGRSNFTKDAGCIKGLFLWREDSSVINSESYRVYYKEDKQANQIASAYDLTSSNLNKFNLIVSYNSTYKGATQLSLSLSSLSFSPILLRVPRLLNLVSNAYLQLRGNGTKMQFEFIKDMPRVAQQELPIDISFLVGKLVFVWMIMLLFPVILSNLVYEKEHKLRTIMKMHGLGDMAYWIISYCYFLLLSLLYMLFLVFFGSLFGIKLFILSDYRVQFVIYFTYINLQISFAFLMATYFSKVGTASVTGYLFTIGSAYLGEYLFRPIFEDMSMSRSWTTLMEFFPPFSFYCIIYEFSPPPSPLYRTDFSGIHWEDLSDHKNGMTDILIIMAVEWATFLLLTFFLDEFCTLRNRIRKIASACHSSTDWSSHTCQMQTIQLQEFVSSAEADRTDALREREIVEQLLQESDSSYSVICDNLKKVYHGKDGNAEKTAVTGLSLSMQRGQCFGILGPNGAGKTSLISMLTGFTKPTSGTAYIDGMDIRLDMNKIYTGIGVCPQFDLLWETLTGREHLMFYGRLKNLRGGALDMAVEHSLKSVRLFDDGIADKRVAKYSGGMKRRLSVAISLIGDPKVVYMDEPSSGLDPASRRALWNAVMSAKENRAIILTTHSMEEAEALCDRIGIMVNGSLQCIGNSKELKAKYGGTYVLTITTAAGEEEAVEQLVRSLCPAANRVYRISGTQKFEMAKQGLRISEVFQAMEHAKSWLNIAAWGLSDATLEDTFIKVASESDVSSV,0
LOC8070027,>XP_021321342.1,ABC transporter A family member 8,[Sorghum bicolor],MPLPFSIVLWRSCSDRIRPGRCCLPAFRHLLYIQERGGVMQNMNAAVAEMATDDAGGRARFWTQMHALFLKNLSFQRRNARANATIAAFPVLVCVLLFGMQSLGSSTPPAHVLNVEPAFAPNETLYVLQPQCLWNSGTVSATYNELPLQYCYDFLDTSMTSLQVYISYNSTFSWDDGDDDNGDDGSMTVLRVPRLVNMASTAYLKLLLGADAKMDLDYLKEMPKPETKMTMDLTPLLDPLFFTWVVQLLLPVTVTLLVYEKEHKLRLMMKMHGLKNAPYWLITYAYFLCLSTAYITLLMIFGSLLGLDIFRLNNYGVQFIFYFTYINLQIALAFLFASFFSSTKTASVISYIYVFGSGLLADSLFVYYIQDTTFPYKWLVTMELFPAFSLYRGIYDLAGYAYAGRYLGNPGMQWTDLNDLLNGIKDVLVLMSAEWIFLIPVAFLLDHWPVWQWNPLSLYRLLSTKRSQLSGTLNEVNSKSTRVSIDMAKPDVFLERKVVERLLKKKMGKRGMVICDNLKKLYPGKNGNPDKVAVRGLSLALPRGQCFGMLGPSGSGKTSFISMMIGLQMPSYGTAYIDGMDLRKDMDEIYANIGVCPQHDLLWETLTGREHLMFYGRMKNLTGVALTKAVEESLKSVNLFHSGFGDKSASTYSGGMKRRLSAAIALIGNPKVVYMDELSTGLDPASRRYLWNAVKQAKKNCTIILTTHSMEEADELCDRVGIFVDGDFHCLGTPIELKARYGGTWILTIMTEPKHEGEVQELVNQLSPGASRIYSLSGTQKFTLPRREVGLDGVFRVVDMARRAFPVLGWGVAGATLEDVFIRVVKDAQVSDDMS,0
LOC8078059,>XP_002457028.1,protein TRIGALACTOSYLDIACYLGLYCEROL 2 chloroplastic,[Sorghum bicolor],MPSSMAKSLLLPPPFVSVSPRPHPHPRAGFPVLKPRRTMLLAATGGDATPAPAPDADANSSTNPLAALVEVPRALWRRTLQPLGDYGFGKRSVWEGGVGLFMVSGAALLALALAWLRGFQLRSRFRKYNTVFEFTQACGICVGTPVRIRGVTVGSVVRVDSSLRSIDATVEVEDDKIIIPRNSVVEVNQSGLLMETLIDITPKDPLPAPSVGPLDPDCTKEGLILCDKERMKGQQGVSLDALVGIFTRLGRDMEEIGVSKSYKLAEKVATIMEEAQPLLTRIEALAEEMQPLLSEVRESDLLKDVETIAKGLADASGDLRKLKSSMLTPENTDLIKQSIFTLIFTLKNIESISSDISGFTGDETTRRNIKLLIKSLSRLL,0
LOC8083376,>XP_002446911.1,protein TRIGALACTOSYLDIACYLGLYCEROL 1 chloroplastic,[Sorghum bicolor],MTSGAALLLRPTSATTHPLLHQSSPKPYFLRLHPSCRRRRLPVPRLSLTPTTASNNSPPPPSPSAPPTAPAAPPSLFSNWSPPRAIWRGLSALLLAGQVFHRVLTGRVHRRNLLAQLRRVGPGSAGVALLTAAFVGMAFTIQFVREFTRLGLHRSVGGVLALALARELSPVVTAVVAAGRVGSAFAAELGTMQVSEQTDTLRVLGAHPVDYLVVPRVLACVLALPVLTLISFALGLASSAFLADSVFGVSVSIILESARRALRPWDLISSLLKSQVFGAIIAVVSCAWGVTTHGGAKGVGESTTSAVVVSLVGIFVADFALSCLFFQGAGDSLKYAMG,0
LOC8084040,>XP_021307053.1,phosphatidylinositol transfer protein 2 isoform X1,[Sorghum bicolor],MVQIKEFRIVMPMSMEEYEIGLSYTIMKMEQQNTNSKEGVEVLRQVPFEDEKLGKGQFTSKVYHLQSKIPSWMKGFAPSSALTVHEDSWCAFPKSRTVIKCPLFSKCSLTIDTVTRPDNGCSENVHNLTSEQLAAREVEIIDIASISRDYWSKVIGAPNVDLTTFKSQRTERGPLLKGWMDSCVPVMTTYKLLIMDAPIWGLGERLEDCIIAGERALFLACHRLCFAWIDEWYGMTMEQIREMERQTDMLLKKLRRCFIADAEKAREGREQARGQQEDAQRRDSGRGELHVVLDC,0
LOC8084040,>XP_002465425.1,phosphatidylinositol transfer protein 2 isoform X2,[Sorghum bicolor],MVQIKEFRIVMPMSMEEYEIGLSYTIMKMEQQNTNSKEGVEVLRQVPFEDEKLGKGQFTSKVYHLQSKIPSWMKGFAPSSALTVHEDSWCAFPKSRTVIKCPLFSKCSLTIDTVTRPDNGCSENVHNLTSEQLAAREVEIIDIASISRDYWSKVIGAPNVDLTTFKSQRTERGPLLKGWMDSCVPVMTTYKLLIMDAPIWGLGERLEDCIIAGERALFLACHRLCFAWIDEWYGMTMEQIREMERQTDMLLKKTLKKPGKAGSKHEGNKKTLKDEIVAVGSCT,0
LOC8084040,>XP_021307054.1,cytoplasmic phosphatidylinositol transfer protein 1 isoform X3,[Sorghum bicolor],MVQIKEFRIVMPMSMEEYEIGLSYTIMKMEQQNTNSKEGVEVLRQVPFEDEKLGKGQFTSKVYHLQSKIPSWMKGFAPSSALTVHEDSWCAFPKSRTVIKCPLFSKCSLTIDTVTRPDNGCSENVHNLTSEQLAAREVEIIDIASISRDYWSKVIGAPNVDLTTFKSQRTERGPLLKGWMDSCVPVMTTYKLLIMDAPIWGLGERLEDCIIAGERALFLACHRLCFAWIDEWYGMTMEQIREMERQTDMLLKKRQLRS,0
LOC8083686,>XP_021301496.1,phospholipid-transporting ATPase 1 isoform X1,[Sorghum bicolor],MRPEQPSPTPPLPPSQQTEEAAGAPGMDVPTRLPDPVPSPILRPASANSMRRTRSLRSLMADSPSVTFATNNLRSGSKAESTASSLESFRFHRDGSASGTPASGLGRVSTSRRSASERAGSQRDLRDEDARFVYINDAERTNAPPAGLPDNSIHTTKYTVLTFLPRNLYEQFHRVAYLYFLVLVALNMVPQLGVLSPAAAVLPLAFVLGVTAVKDAYEDWRRHRSDKNENNRTASVLVGGVFVPKCWKEVQVGEVLRVVANETLPCDMVLLSTSDPTGVAYVQTINLDGESNLKTRYAKQETMPTPAEALAGVIKCERPNRNIYGFLATVDIDGRRAVSLGPSNIVLRGCELKNTAWAVGVAVYTGRDTKVMLNSSGAPSKRSRLETHMNRETIMLAVVLFLLCTIVSLLAGIWLGDHGDELGVIPFFRKRDFSDKDKPNATYNWYGAGAEVAFSFMKSVIQFQVMIPIALYISMEIVRVGQAFFMVQDKHMFDDKRQAKFQCRALNINEDLGQIKYVFSDKTGTLTENRMEFRCASVHGADFSDTAAGGGDDDGHSVTGEDGVVLRPKTAVKTDPKLVALLKDGAGATADRARDFFLTLATCNTIVPMIVADEAAAGARLLEYQGESPDEQALVYAAAAYGYTLVERTSGHITVDVFGSRQRYDVLGLHEFDSDRKRMSVIIGCPDKSVKLFVKGADSSMFGVIDKTVNSDVVQATEKHLHSYSSLGLRTLVIGMRELSQEEFQEWQMAYEKASTALLGRGNQLRNVAANIETNLRLLGATGIDDKLQDGVPEAIEKLREAGIKVWVLTGDKQETAISIGYSCKLLTRDMTQIVINSRSRDSCRKSLEDAIAMVNKYQSFSTDPQLRVPLALIIDGNSLVYIFDTDWEEKLFEIAIACDVVLCCRVAPLQKAGIVDLIKKRTSDMTLAIGDGANDVSMIQMADVGIGISGQEGRQAVMASDFAMGQFRFLVPLLLVHGHWNYQRMAYMILYNFYRNATFVFVLFWYVLYTGFTLTTAITEWSSVLYSVIYTAVPTIVVAILDKDLSRRTLLKYPQLYGPGQREENYNLRLFIFIMIDSVWQSLACFFIPYLAYRKSIIDGSSLGDLWTLSVVILVNIHLAMDVIRWNWITHAAIWGSIAATWICVMIIDSIPTMPGFWAIYKVMGTGLFWALLLAVTVVGMIPHFAAKAFSEYFIPSDIQIAREMEKLQDFHDVTHPEVQMSTVSRA,0
LOC8083686,>XP_002465334.1,phospholipid-transporting ATPase 1 isoform X2,[Sorghum bicolor],MADDHGSSRHMSASQKELGDEDARVVRVGDPARTNERLDLAGNAVRTAKYSPLTFLPRNLFEQFHRLAYVYFLAIAVLNQLPQLAVFGRGASVMPLAFVLLVTAVKDAYEDWRRHRSDRAENGRLAEVLSPDAHGGGAQFVPTEWKHVRVGDVVRVVSDESLPADMVLLATSEPTGVAYVQTLNLDGESNLKTRYAKQETLSTPPERLAGAVIRSERPNRNIYGFQANLELEGETRRIPLGPSNIVLRGCELKNTAWAVGVVVYAGRETKAMLNNAGAPKKRSRLETHMNRETLFLSAILVVLCSIVAALSGVWLHTHELGLELAQFFHKKDYLRLDKDNDYRDYNYYGIAAQIVFIYLMAVIVFQIMIPISLYISMELVRLGQAYFMIRDTRLYDESSNSRFQCRALNINEDLGQIKCIFSDKTGTLTQNKMEFRCASVDGIDYSDIARQRPPEGERIWAPKISVNTDRELVKLIRDGADTEQGTQTREFFLALATCNTIVPMIADGPDPKKKVIDYQGESPDEQALVSAAAAYGFVLVERTSGHIVIDVLGEKLRYDVLGLHEFDSDRKRMSVIIGCPDKSVKLFVKGADSSMFGVIDKTVNSDVVQATEKHLHSYSSLGLRTLVIGMRELSQEEFQEWQMAYEKASTALLGRGNQLRNVAANIETNLRLLGATGIDDKLQDGVPEAIEKLREAGIKVWVLTGDKQETAISIGYSCKLLTRDMTQIVINSRSRDSCRKSLEDAIAMVNKYQSFSTDPQLRVPLALIIDGNSLVYIFDTDWEEKLFEIAIACDVVLCCRVAPLQKAGIVDLIKKRTSDMTLAIGDGANDVSMIQMADVGIGISGQEGRQAVMASDFAMGQFRFLVPLLLVHGHWNYQRMAYMILYNFYRNATFVFVLFWYVLYTGFTLTTAITEWSSVLYSVIYTAVPTIVVAILDKDLSRRTLLKYPQLYGPGQREENYNLRLFIFIMIDSVWQSLACFFIPYLAYRKSIIDGSSLGDLWTLSVVILVNIHLAMDVIRWNWITHAAIWGSIAATWICVMIIDSIPTMPGFWAIYKVMGTGLFWALLLAVTVVGMIPHFAAKAFSEYFIPSDIQIAREMEKLQDFHDVTHPEVQMSTVSRA,0
LOC8072933,>XP_002438372.1,putative phospholipid-transporting ATPase 9,[Sorghum bicolor],MAPSKRLEKLKLSTLLTFMRCHRSSSDDHSRIGTVGFSRVVYVNEPDRLQEEGFSYPTNEVSTTKYTLATFLPKSLFEQFRRVANFYFLVSGILALTPLAPYTAVSALAPLCVVIVATMAKEGVEDWRRKQQDHELNNRIVKVHRGNGHFEETKWKNIKVGDVIKVEKDNFFPADMILLSSNYPDGICYVETMNLDGETNLKIKQALEVTLDLQEDIKFREIRQTIKCEDPNANLYSFVGSMEWRGQQYPLSPLQLLLRDSKLRNTDYIYGAVIFTGHDTKVMQNATEPPSKRSKVEKKMDKIIYLLMSSLLMIALLGSVFFGIWTKEDLRDGELKRWYLRPDATTVFYDPKRAALASFFHLLTALMLYSYFIPISLYISIEMVKILQAVFINQDIEMYHEESDKPTHARTSNLNEELGMVDTILSDKTGTLTCNMMEFIKCSIAGTAYGQGVTEVERAMAMRKGARLDDDIEKGDHKDKNFNNSPHVKGFNFKDPRIMDGNWIHEPNTDMIRDFFRLLAICHTCIAEIDENEKVSYEAESPDEAAFVIAARELGFEFYKRSLATIIVRERDPSQNVVEKRKYELLNILEFSSSRKRMSVIVKEPEGRILLLSKGADSVMFRRLSPNGRKFEDETRRHINEYSDSGLRTLVLAYRVLDEREYKEFNEKLNAAKASLSADRDEKIEQAADSIERDLILLGATAVEDKLQQGVPECIDKLAQAGIKIWVLTGDKMETAINIGFACSLLRQGMTQIIVTLEQPDIIALEKDGDKQKISKASKQKVMGQIEDGIKQIPPSTQISTASFALIIDGKSLTYALEDDVKLKFLDLAIKCASVICCRSSPKQKALVTRLVKEVTHKVTLAIGDGANDVGMLQEADIGVGISGAEGMQAVMASDVAVAQFRFLERLLLVHGHWCYRRISVMICYFFYKNVTFGVTIFLYEAFASFSGKPAYNDWFLSLYNVFFTSLPVIALGVFDQDVSARLCIQYPQLYQEGVQNILFSWRRILGWMLNGVMNAVLIFFFCITSFEDQAFRQDGQVAGLDALGVVMYTCVVWVVNCQMALSVNYFTIIQHIFIWGSIAVWYLFLLVYGAINPRFSTTAYMVFIEQLAPALSFWLVTLFVVMATLVPYFSYAAIQIRFFPMFHNKIQWKRYLGKAEDPEVARQLSSRHRTSSQQRMVGISARRDGKAMQITKETELEVQE,0
LOC8066577,>XP_002438372.1,putative phospholipid-transporting ATPase 9,[Sorghum bicolor],MAPSKRLEKLKLSTLLTFMRCHRSSSDDHSRIGTVGFSRVVYVNEPDRLQEEGFSYPTNEVSTTKYTLATFLPKSLFEQFRRVANFYFLVSGILALTPLAPYTAVSALAPLCVVIVATMAKEGVEDWRRKQQDHELNNRIVKVHRGNGHFEETKWKNIKVGDVIKVEKDNFFPADMILLSSNYPDGICYVETMNLDGETNLKIKQALEVTLDLQEDIKFREIRQTIKCEDPNANLYSFVGSMEWRGQQYPLSPLQLLLRDSKLRNTDYIYGAVIFTGHDTKVMQNATEPPSKRSKVEKKMDKIIYLLMSSLLMIALLGSVFFGIWTKEDLRDGELKRWYLRPDATTVFYDPKRAALASFFHLLTALMLYSYFIPISLYISIEMVKILQAVFINQDIEMYHEESDKPTHARTSNLNEELGMVDTILSDKTGTLTCNMMEFIKCSIAGTAYGQGVTEVERAMAMRKGARLDDDIEKGDHKDKNFNNSPHVKGFNFKDPRIMDGNWIHEPNTDMIRDFFRLLAICHTCIAEIDENEKVSYEAESPDEAAFVIAARELGFEFYKRSLATIIVRERDPSQNVVEKRKYELLNILEFSSSRKRMSVIVKEPEGRILLLSKGADSVMFRRLSPNGRKFEDETRRHINEYSDSGLRTLVLAYRVLDEREYKEFNEKLNAAKASLSADRDEKIEQAADSIERDLILLGATAVEDKLQQGVPECIDKLAQAGIKIWVLTGDKMETAINIGFACSLLRQGMTQIIVTLEQPDIIALEKDGDKQKISKASKQKVMGQIEDGIKQIPPSTQISTASFALIIDGKSLTYALEDDVKLKFLDLAIKCASVICCRSSPKQKALVTRLVKEVTHKVTLAIGDGANDVGMLQEADIGVGISGAEGMQAVMASDVAVAQFRFLERLLLVHGHWCYRRISVMICYFFYKNVTFGVTIFLYEAFASFSGKPAYNDWFLSLYNVFFTSLPVIALGVFDQDVSARLCIQYPQLYQEGVQNILFSWRRILGWMLNGVMNAVLIFFFCITSFEDQAFRQDGQVAGLDALGVVMYTCVVWVVNCQMALSVNYFTIIQHIFIWGSIAVWYLFLLVYGAINPRFSTTAYMVFIEQLAPALSFWLVTLFVVMATLVPYFSYAAIQIRFFPMFHNKIQWKRYLGKAEDPEVARQLSSRHRTSSQQRMVGISARRDGKAMQITKETELEVQE,0
LOC8061991,>XP_002437174.1,probable phospholipid-transporting ATPase 4,[Sorghum bicolor],MGRSGRRRRDRMRWSNLYTFSCFRAQQHGHAAGDAGPSSDGAGAVGGPGFSRVVYCNNAALQKPLKYVTNYITTTKYNIITFFPKAIFEQFRRVANLYFLLTAILSLTPVCPFSAVSMIAPLAFVVGLSMMKEGLEDWRRFIQDMKVNNRKVSVHKGDGEFDYRHWEDLCVGDVVRVEKDEFFPADLMLLSSSYEDGICYVETMNLDGETNLKVKRSLEVTLPLEEDESFKDFQAVIRCEDPNPSLYTFTGNFEYERQVYALDPFQILLRDSKLRNTAFIYGVVIFTGHDSKVMQNSTESPSKRSRIEKKMDLIIYILFTVLVLISIISSVGFAVRIKFDLPNWWYLQPQKSNKLDDPSRPALSGIFHLITALILYGYLIPISLYVSIELVKVLQAHFINQDIHMFDEETGNTAQARTSNLNEELGQVHTILSDKTGTLTCNQMDFLKCSIAGVSYGVGSSEVELAAAKQMASGADDHDIPLQDIWEENNEDEIELVEGVTFSVGNNRKPSIKGFSFVDDRLMEGNWNKEPNSSTILLFFRILALCHTAIPEINEATGSIAYEAESPDEGAFLVAAREFGFEFFKRTQSSVFVREKHTSSKGTIEREFKILNLLEFNSKRKRMTVILQDEDGQILLFCKGADSIIFDRLAKNGRMYEVDTTRHLNDYGEAGLRTLALSYRVLDESEYSSWNAEFLKAKTSIGPDRELQLERVSELIERELILVGATAVEDKLQKGVPQCIDRLAQAGLKIWVLTGDKMETAINIGYACSLLRQGMKQICLSIPTGDQVAQDAKKVAKESLLSQIANGSQMVKLEKDPDAAFALVIDGKALAFALEDDMKHMFLNLAIECASVICCRVSPKQKALVTRLVKEGIGQTTLAVGDGANDVGMIQEADIGVGISGVEGMQAVMASDFSISQFRFLERLLVVHGHWCYKRIAQMICYFFYKNIAFGLTIFYFEAFAGFSGQSVYDDWFMLLFNVVLTSLPVISLGVFEQDVSSEICLQFPALYQQGPKNLFFDWYRILGWMGNGLYSSLAIFFLNLCIFYDQAIRAGGQTADMAAVGTAMFTCIIWAVNMQIALTMSHFTWIQHLFVWGSITTWYIFILAYGMTLRSRDNYQILLEVLGPAPIYWAATLLVTAACNIPYLIHISYQRSCKPLDHHVIQEIKYLKKDVEDQTMWKRERSKARQKTKIGFTARVDAKIKQIKGKLHKKGPSLTIHTVS,0
LOC8054667,>XP_002457649.1,phospholipid-transporting ATPase 1 isoform X1,[Sorghum bicolor],MASERPLLVATTPDASTPDDAPSPHPPAASLLPPAQSEPPLRADRLAFSVEVPDPFRPYRRGDGPAGADDPSASSQREREAGDDESRGVIVGEPSPEFAGNAIRTAKYSFLTFLPRNLFEQFRRLSYVYFLAITVLNQLPQVAVFGRGASVLPLAFVLFVTAVKDAYEDFRRHRSDRQENNRLASVLAQGTAGEFQPKRWKHIRVGDVVRIASNETLPADMVLLATSDPTGVAHVQTVNLDGETNLKTRYAKQETQVRFSQNAGVSGILHCERPNRNIYGFQANLEIDGKRVSLGPSNIVLRGCELKNTTWAIGVVVYAGKETKVMLNSSGAPSKRSRLETQLNRETVILSFMLIGMCTTASVLAGIWLLNHQRELEFTQFFREKDYTTGKNYNYYGVGMQIFITFLMAVIVYQVIIPISLYISMELVRLGQAYFMGADKDLYDESSRSKFQCRALNINEDLGQIRYVFSDKTGTLTENKMVFQCASIRGVDYSSGKDTGGYSVVVGDHLWTPKMAVKTDPQLVKLLRDSGSNEEPKLVLEFFLALAACNTIVPLVLDTRDSKQKLIDYQGESPDEQALAYAAASYGIVLVERTSGYIVIDVLGDRQRFDILGLHEFDSDRKRMSVIVGCPDETVKLYVKGADSSIFGITNNSSELDIVRATEAHLHKYSSLGLRTLVVGMRELSRSEFGEWQLAYENASTAVLGRGNLLRSVAANIERNVHILGATGIEDKLQDGVPEAIESLRQADIKVWILTGDKQETAISIGYSCKLLTNDMTQIVINNNSKESCQRSLVEALTTTKKLRAASSIGTQGPLLASETSTVTLALIVDGNSLVYILETELQDELFKLATECSVVLCCRVAPLQKAGIVALIKNRTDDMTLAIGDGANDVSMIQMADVGIGISGQEGRQAVMASDFSMGQFRFLVPLLLVHGHWNYQRMAYMILYNFYKNATFVLVLFWYVLYTAFTLTTAITEWSSLLYTVLYTSLPTIVVGILDKDLNKATLLAYPKLYGSGQRDDKYNVHLFVLNMLEALWQSLAVFYLPYFAYRRSTIDMSSLGDLWALAPVIVVNMQLAMDIIRWNWIIHAFVWGTIAATTVCLFVIDSIWVLPGYGAIFHLMGTGLFWFLLLVIVVTAMVPHFVFKAFTEHFRPSDIQIAREMEKFANVNQVNLSEIPMTGLS,0
LOC8054667,>XP_021313113.1,phospholipid-transporting ATPase 1 isoform X2,[Sorghum bicolor],MASERPLLVATTPDASTPDDAPSPHPPAASLLPPAQSEPPLRADRLAFSVEVPDPFRPYRRGDGPAGADDPSASSQREREAGDDESRGVIVGEPSPEFAGNAIRTAKYSFLTFLPRNLFEQFRRLSYVYFLAITVLNQLPQVAVFGRGASVLPLAFVLFVTAVKDAYEDFRRHRSDRQENNRLASVLAQGTAGEFQPKRWKHIRVGDVVRIASNETLPADMVLLATSDPTGVAHVQTVNLDGETNLKTRYAKQETQVRFSQNAGVSGILHCERPNRNIYGFQANLEIDGKRVSLGPSNIVLRGCELKNTTWAIGVVVYAGKETKVMLNSSGAPSKRSRLETQLNRETVILSFMLIGMCTTASVLAGIWLLNHQRELEFTQFFREKDYTTGKNYNYYGVGMQIFITFLMAVIVYQVIIPISLYISMELVRLGQAYFMGADKDLYDESSRSKFQCRALNINEDLGQIRYVFSDKTGTLTENKMVFQCASIRGVDYSSGKDTGGYSVVVGDHLWTPKMAVKTDPQLVKLLRDSGSNEEPKLVLEFFLALAACNTIVPLVLDTRDSKQKLIDYQGESPDEQALAYAAASYGIVLVERTSGYIVIDVLGDRQRFDILGLHEFDSDRKRMSVIVGCPDETVKLYVKGADSSIFGITNNSSELDIVRATEAHLHKYSSLGLRTLVVGMRELSRSEFGEWQLAYENASTAVLGRGNLLRSVAANIERNVHILGATGIEDKLQDGVPEAIESLRQADIKVWILTGDKQETAISIGYSCKLLTNDMTQIVINNNSKESCQRSLVEALTTTKKLRAASSIGTQGPLLASETSTVTLALIVDGNSLVYILETELQDELFKLATECSVVLCCRVAPLQKAGIVALIKNRTDDMTLAIGDGANDVSMIQMADVGIGISGQEGRQAVMASDFSMGQFRFLVPLLLVHGHWNYQRMAYMILYNFYKNATFVLVLFWYVLYTAFTLTTAITEWSSLLYTVLYTSLPTIVVGILDKDLNKATLLAYPKLYGSGQRDDKYNVHLFVLNMLEALWQSLAVFYLPYFAYRRSTIDMSSLGDLWALAPVIVVNMQLAMDIIRWNWIIHAFVWGTIAATTVCLFVIDSIWVLPGYGAIFHLMGTGLFWFLLLVIVVTAMVPHFVFKAFTEHFRPSDIQIAREMEKFANVNQERK,0
LOC8086477,>XP_021318574.1,phospholipid-transporting ATPase 2 isoform X1,[Sorghum bicolor],MKRFVYINDDSCRYSYRDNRISNTKHTLWNFLPKNLSEQFRRFMNQYFLLIACLQLWSRITPVSPATTWGPLIIMFIVSASKEAWDDYNRYLSDKKANERKIWLVKDGIHRQIKAQEIHVGDVVWLHENDEIPCDLVLIGTSDPQGICYVETAALDGETDLKTRIIPPISANLSVEQLGKVKGVVECPNPDNDIRRFDANMRLFLPIIDNEKCPLTINNTLLQSCYLRYTECACGVAVYTGNETKSGMSRGAAEPKLTAADAIIDKLTIAIFMFQIVIVLVLGYFGNAWKYTQGLKVLSLFVNQQWYLMYPVEGESPWYDFSIIPLRFELLCSIMIPISIKVTLDLAKGVYAKFIDWDEQMFDWETNTPAHSANTAISEDLGQVEYILSDKTGTLTENKMILKQCCISDTLYGNDNGDALNDVRLVNAISSNDPDVIKFLLVMALCNTVVPIRSNGDTVSYKAQSQDEVALVNAAGNLNMMLISKDSSTAEICFNGSKFLYELLDILEFTSDRKKMSIVVKEGQTGKILLLSKGADEALLPHAYPGQQIQRYLEAVEMYSQLGLRTLCLGWRDLKESEYKEWSKNFQEASCSLDNREFKMSEVCHSLERDLHILGVTAIEDRLQDGVPETIKLLRNAGINVWMLTGDKQNTAVQIGLLCNLITSEPNSQLLSISGKTEEDILRSLERALLIMKNTSETKNGYSALPRDLAFILDGWALEIILKHSKESFTRLAMLSKTAICCRMTPLQKAQLVAILKSAGYLTLAIGDGGNDVRMIQEANIGVGISGREGLQAARAADYSIGKFKFLKRLILIHGRYSYNRTAFISQYSFYKSLLLCFIQILFAFLSGLSGTSLFNSISLMAYNVFYTSLPVMTIIFDKDISETTVMQYPQILLHSQAGRLLNPTTFCGWFGRSLYHALVVFFITICAYSDEKSEMQELSMVALSGCIWLQAFVVTMDTNSFTYPQIFLIWGNFVAFYMINLILSAIPSLQLYTIMFRLCSQPSYWISMALTVAVGMGPVVAFRYFKNLYQPSAINILQQIEQSNGSIQTSGNLEAARANLTNLLTGSRKNRDSNYHPLLSDTAVSAR,0
LOC8086477,>XP_021318575.1,phospholipid-transporting ATPase 2 isoform X2,[Sorghum bicolor],MKRFVYINDDSCRYSYRDNRISNTKHTLWNFLPKNLSEQFRRFMNQYFLLIACLQLWSRITPVSPATTWGPLIIMFIVSASKEAWDDYNRYLSDKKANERKIWLVKDGIHRQIKAQEIHVGDVVWLHENDEIPCDLVLIGTSDPQGICYVETAALDGETDLKTRIIPPISANLSVEQLGKVKGVVECPNPDNDIRRFDANMRLFLPIIDNEKCPLTINNTLLQSCYLRYTECACGVAVYTGNETKSGMSRGAAEPKLTAADAIIDKLTIAIFMFQIVIVLVLGYFGNAWKYTQGLKQWYLMYPVEGESPWYDFSIIPLRFELLCSIMIPISIKVTLDLAKGVYAKFIDWDEQMFDWETNTPAHSANTAISEDLGQVEYILSDKTGTLTENKMILKQCCISDTLYGNDNGDALNDVRLVNAISSNDPDVIKFLLVMALCNTVVPIRSNGDTVSYKAQSQDEVALVNAAGNLNMMLISKDSSTAEICFNGSKFLYELLDILEFTSDRKKMSIVVKEGQTGKILLLSKGADEALLPHAYPGQQIQRYLEAVEMYSQLGLRTLCLGWRDLKESEYKEWSKNFQEASCSLDNREFKMSEVCHSLERDLHILGVTAIEDRLQDGVPETIKLLRNAGINVWMLTGDKQNTAVQIGLLCNLITSEPNSQLLSISGKTEEDILRSLERALLIMKNTSETKNGYSALPRDLAFILDGWALEIILKHSKESFTRLAMLSKTAICCRMTPLQKAQLVAILKSAGYLTLAIGDGGNDVRMIQEANIGVGISGREGLQAARAADYSIGKFKFLKRLILIHGRYSYNRTAFISQYSFYKSLLLCFIQILFAFLSGLSGTSLFNSISLMAYNVFYTSLPVMTIIFDKDISETTVMQYPQILLHSQAGRLLNPTTFCGWFGRSLYHALVVFFITICAYSDEKSEMQELSMVALSGCIWLQAFVVTMDTNSFTYPQIFLIWGNFVAFYMINLILSAIPSLQLYTIMFRLCSQPSYWISMALTVAVGMGPVVAFRYFKNLYQPSAINILQQIEQSNGSIQTSGNLEAARANLTNLLTGSRKNRDSNYHPLLSDTAVSAR,0
LOC8086477,>XP_021318576.1,phospholipid-transporting ATPase 2 isoform X3,[Sorghum bicolor],MKRFVYINDDSCRYSYRDNRISNTKHTLWNFLPKNLSEQFRRFMNQYFLLIACLQLWSRITPVSPATTWGPLIIMFIVSASKEAWDDYNRYLSDKKANERKIWLVKDGIHRQIKAQEIHVGDVVWLHENDEIPCDLVLIGTSDPQGICYVETAALDGETDLKTRIIPPISANLSVEQLGKVKGVVECPNPDNDIRRFDANMRLFLPIIDNEKCPLTINNTLLQSCYLRYTECACGVAVYTGNETKSGMSRGAAEPKLTAADAIIDKLTIAIFMFQIVIVLVLGYFGNAWKYTQGLKVLSLFVNQQWYLMYPVEGESPWYDFSIIPLRFELLCSIMIPISIKVTLDLAKGVYAKFIDWDEQMFDWETNTPAHSANTAISEDLGQVEYILSDKTGTLTENKMILKQCCISDTLYGNDNGDALNDVRLVNAISSNDPDVIKFLLVMALCNTVVPIRSNGDTVSYKAQSQDEVALVNAAGNLNMMLISKDSSTAEICFNGSKFLYELLDILEFTSDRKKMSIVVKEGQTGKILLLSKGADEALLPHAYPGQQIQRYLEAVEMYSQLGLRTLCLGWRDLKESEYKEWSKNFQEASCSLDNREFKMSEVCHSLERDLHILGVTAIEDRLQDGVPETIKLLRNAGINVWMLTGDKQNTAVQIGLLCNLITSEPNSQLLSISGKTEEDILRSLERALLIMKNTSETKDLAFILDGWALEIILKHSKESFTRLAMLSKTAICCRMTPLQKAQLVAILKSAGYLTLAIGDGGNDVRMIQEANIGVGISGREGLQAARAADYSIGKFKFLKRLILIHGRYSYNRTAFISQYSFYKSLLLCFIQILFAFLSGLSGTSLFNSISLMAYNVFYTSLPVMTIIFDKDISETTVMQYPQILLHSQAGRLLNPTTFCGWFGRSLYHALVVFFITICAYSDEKSEMQELSMVALSGCIWLQAFVVTMDTNSFTYPQIFLIWGNFVAFYMINLILSAIPSLQLYTIMFRLCSQPSYWISMALTVAVGMGPVVAFRYFKNLYQPSAINILQQIEQSNGSIQTSGNLEAARANLTNLLTGSRKNRDSNYHPLLSDTAVSAR,0
LOC8086477,>XP_002446240.2,phospholipid-transporting ATPase 2 isoform X4,[Sorghum bicolor],MKRFVYINDDSCRYSYRDNRISNTKHTLWNFLPKNLSEQFRRFMNQYFLLIACLQLWSRITPVSPATTWGPLIIMFIVSASKEAWDDYNRYLSDKKANERKIWLVKDGIHRQIKAQEIHVGDVVWLHENDEIPCDLVLIGTSDPQGICYVETAALDGETDLKTRIIPPISANLSVEQLGKVKGVVECPNPDNDIRRFDANMRLFLPIIDNEKCPLTINNTLLQSCYLRYTECACGVAVYTGNETKSGMSRGAAEPKLTAADAIIDKLTIAIFMFQIVIVLVLGYFGNAWKYTQGLKQWYLMYPVEGESPWYDFSIIPLRFELLCSIMIPISIKVTLDLAKGVYAKFIDWDEQMFDWETNTPAHSANTAISEDLGQVEYILSDKTGTLTENKMILKQCCISDTLYGNDNGDALNDVRLVNAISSNDPDVIKFLLVMALCNTVVPIRSNGDTVSYKAQSQDEVALVNAAGNLNMMLISKDSSTAEICFNGSKFLYELLDILEFTSDRKKMSIVVKEGQTGKILLLSKGADEALLPHAYPGQQIQRYLEAVEMYSQLGLRTLCLGWRDLKESEYKEWSKNFQEASCSLDNREFKMSEVCHSLERDLHILGVTAIEDRLQDGVPETIKLLRNAGINVWMLTGDKQNTAVQIGLLCNLITSEPNSQLLSISGKTEEDILRSLERALLIMKNTSETKDLAFILDGWALEIILKHSKESFTRLAMLSKTAICCRMTPLQKAQLVAILKSAGYLTLAIGDGGNDVRMIQEANIGVGISGREGLQAARAADYSIGKFKFLKRLILIHGRYSYNRTAFISQYSFYKSLLLCFIQILFAFLSGLSGTSLFNSISLMAYNVFYTSLPVMTIIFDKDISETTVMQYPQILLHSQAGRLLNPTTFCGWFGRSLYHALVVFFITICAYSDEKSEMQELSMVALSGCIWLQAFVVTMDTNSFTYPQIFLIWGNFVAFYMINLILSAIPSLQLYTIMFRLCSQPSYWISMALTVAVGMGPVVAFRYFKNLYQPSAINILQQIEQSNGSIQTSGNLEAARANLTNLLTGSRKNRDSNYHPLLSDTAVSAR,0
LOC8086477,>XP_021318577.1,phospholipid-transporting ATPase 2 isoform X5,[Sorghum bicolor],MNQYFLLIACLQLWSRITPVSPATTWGPLIIMFIVSASKEAWDDYNRYLSDKKANERKIWLVKDGIHRQIKAQEIHVGDVVWLHENDEIPCDLVLIGTSDPQGICYVETAALDGETDLKTRIIPPISANLSVEQLGKVKGVVECPNPDNDIRRFDANMRLFLPIIDNEKCPLTINNTLLQSCYLRYTECACGVAVYTGNETKSGMSRGAAEPKLTAADAIIDKLTIAIFMFQIVIVLVLGYFGNAWKYTQGLKVLSLFVNQQWYLMYPVEGESPWYDFSIIPLRFELLCSIMIPISIKVTLDLAKGVYAKFIDWDEQMFDWETNTPAHSANTAISEDLGQVEYILSDKTGTLTENKMILKQCCISDTLYGNDNGDALNDVRLVNAISSNDPDVIKFLLVMALCNTVVPIRSNGDTVSYKAQSQDEVALVNAAGNLNMMLISKDSSTAEICFNGSKFLYELLDILEFTSDRKKMSIVVKEGQTGKILLLSKGADEALLPHAYPGQQIQRYLEAVEMYSQLGLRTLCLGWRDLKESEYKEWSKNFQEASCSLDNREFKMSEVCHSLERDLHILGVTAIEDRLQDGVPETIKLLRNAGINVWMLTGDKQNTAVQIGLLCNLITSEPNSQLLSISGKTEEDILRSLERALLIMKNTSETKNGYSALPRDLAFILDGWALEIILKHSKESFTRLAMLSKTAICCRMTPLQKAQLVAILKSAGYLTLAIGDGGNDVRMIQEANIGVGISGREGLQAARAADYSIGKFKFLKRLILIHGRYSYNRTAFISQYSFYKSLLLCFIQILFAFLSGLSGTSLFNSISLMAYNVFYTSLPVMTIIFDKDISETTVMQYPQILLHSQAGRLLNPTTFCGWFGRSLYHALVVFFITICAYSDEKSEMQELSMVALSGCIWLQAFVVTMDTNSFTYPQIFLIWGNFVAFYMINLILSAIPSLQLYTIMFRLCSQPSYWISMALTVAVGMGPVVAFRYFKNLYQPSAINILQQIEQSNGSIQTSGNLEAARANLTNLLTGSRKNRDSNYHPLLSDTAVSAR,0
LOC8086477,>XP_021318578.1,phospholipid-transporting ATPase 2 isoform X6,[Sorghum bicolor],MKRFVYINDDSCRYSYRDNRISNTKHTLWNFLPKNLSEQFRRFMNQYFLLIACLQLWSRITPVSPATTWGPLIIMFIVSASKEAWDDYNRYLSDKKANERKIWLVKDGIHRQIKAQEIHVGDVVWLHENDEIPCDLVLIGTSDPQGICYVETAALDGETDLKTRIIPPISANLSVEQLGKVKGVVECPNPDNDIRRFDANMRLFLPIIDNEKCPLTINNTLLQSCYLRYTECACGVAVYTGNETKSGMSRGAAEPKLTAADAIIDKLTIAIFMFQIVIVLVLGYFGNAWKYTQGLKVLSLFVNQQWYLMYPVEGESPWYDFSIIPLRFELLCSIMIPISIKVTLDLAKGVYAKFIDWDEQMFDWETNTPAHSANTAISEDLGQVEYILSDKTGTLTENKMILKQCCISDTLYGNDNGDALNDVRLVNAISSNDPDVIKFLLVMALCNTVVPIRSNGDTVSYKAQSQDEVALVNAAGNLNMMLISKDSSTAEICFNGSKFLYELLDILEFTSDRKKMSIVVKEGQTGKILLLSKGADEALLPHAYPGQQIQRYLEAVEMYSQLGLRTLCLGWRDLKESEYKEWSKNFQEASCSLDNREFKMSEVCHSLERDLHILGVTAIEDRLQDGVPETIKLLRNAGINVWMLTGDKQNTAVQIGLLCNLITSEPNSQLLSISGKTEEDILRSLERALLIMKNTSETKLVAILKSAGYLTLAIGDGGNDVRMIQEANIGVGISGREGLQAARAADYSIGKFKFLKRLILIHGRYSYNRTAFISQYSFYKSLLLCFIQILFAFLSGLSGTSLFNSISLMAYNVFYTSLPVMTIIFDKDISETTVMQYPQILLHSQAGRLLNPTTFCGWFGRSLYHALVVFFITICAYSDEKSEMQELSMVALSGCIWLQAFVVTMDTNSFTYPQIFLIWGNFVAFYMINLILSAIPSLQLYTIMFRLCSQPSYWISMALTVAVGMGPVVAFRYFKNLYQPSAINILQQIEQSNGSIQTSGNLEAARANLTNLLTGSRKNRDSNYHPLLSDTAVSAR,0
LOC8086477,>XP_021318579.1,phospholipid-transporting ATPase 2 isoform X7,[Sorghum bicolor],MKRFVYINDDSCRYSYRDNRISNTKHTLWNFLPKNLSEQFRRFMNQYFLLIACLQLWSRITPVSPATTWGPLIIMFIVSASKEAWDDYNRYLSDKKANERKIWLVKDGIHRQIKAQEIHVGDVVWLHENDEIPCDLVLIGTSDPQGICYVETAALDGETDLKTRIIPPISANLSVEQLGKVKGVVECPNPDNDIRRFDANMRLFLPIIDNEKCPLTINNTLLQSCYLRYTECACGVAVYTGNETKSGMSRGAAEPKLTAADAIIDKLTIAIFMFQIVIVLVLGYFGNAWKYTQGLKVLSLFVNQQWYLMYPVEGESPWYDFSIIPLRFELLCSIMIPISIKKQTCFSSTDNSLNLDVRLVNAISSNDPDVIKFLLVMALCNTVVPIRSNGDTVSYKAQSQDEVALVNAAGNLNMMLISKDSSTAEICFNGSKFLYELLDILEFTSDRKKMSIVVKEGQTGKILLLSKGADEALLPHAYPGQQIQRYLEAVEMYSQLGLRTLCLGWRDLKESEYKEWSKNFQEASCSLDNREFKMSEVCHSLERDLHILGVTAIEDRLQDGVPETIKLLRNAGINVWMLTGDKQNTAVQIGLLCNLITSEPNSQLLSISGKTEEDILRSLERALLIMKNTSETKNGYSALPRDLAFILDGWALEIILKHSKESFTRLAMLSKTAICCRMTPLQKAQLVAILKSAGYLTLAIGDGGNDVRMIQEANIGVGISGREGLQAARAADYSIGKFKFLKRLILIHGRYSYNRTAFISQYSFYKSLLLCFIQILFAFLSGLSGTSLFNSISLMAYNVFYTSLPVMTIIFDKDISETTVMQYPQILLHSQAGRLLNPTTFCGWFGRSLYHALVVFFITICAYSDEKSEMQELSMVALSGCIWLQAFVVTMDTNSFTYPQIFLIWGNFVAFYMINLILSAIPSLQLYTIMFRLCSQPSYWISMALTVAVGMGPVVAFRYFKNLYQPSAINILQQIEQSNGSIQTSGNLEAARANLTNLLTGSRKNRDSNYHPLLSDTAVSAR,0
LOC8083664,>XP_021314515.1,phospholipid-transporting ATPase 1 isoform X1,[Sorghum bicolor],MTTGDPLLLSSSGTADSPSKHQAPARPSVGSLGCLCATDSFSSSLYEDCETASVTPTDEREAQPRHLRVESDVSRVAERFQSADSHFFHRLSVECSQEERQRKVSWGGAMEMQHSPSSLEIGMVSSSHEKPNRSQRIRNKSSQFEDPFLSEHEPRLIYINDPNRTNDRYEFTGNEIRTSKYTLITFLPKNLFIQFHRLAYVYFLVIAALNQLPPLAVFGRTASLFPLLFVLFVTAIKDGYEDWRRHRSDRNENNREALVLQHGDFRSKKWKKICAGEVVKIHANETMPCDMVLLGTSDPNGIAYIQTMNLDGESNLKTRYARQETTSMIYDDAYSGLIKCEQPNRNIYEFTATMELNSQRVPLGQSNIVLRGCQLKNTEWIIGVVVYAGQETKAMLNSTISPSKSSNLESYMNRETLWLSAFLLITCTVVAAGMGVWLFKNSKNLDALPYYRRKYFTFGRENRKDFKFYGIALEIFFSFLSSVIIFQIMIPISLYITMELVRVGQSYFMIGDTRMYDSSSGSRFQCRSLNINEDLGQIRYIFSDKTGTLTQNKMEFQQASIYGKNYGSSLQVTSDFSHEISTTEPLRQNGRKPKVNVDLALTALLNQPLIGEERLAAHDFFLTLAACNTVIPVSTESSHDLTNEVDETSAIDYQGESPDEQALVTAASAYGYTLVERTTGHIVIDVLGERLRLDVLGLHEFDSVRKRMSVVVRFPDNNVKVLVKGADTSMLSILKVEIGDGLYDSLHVKIRETTENHLSAYSSEGLRTLVIGSKNLTDAEFSEWQERYEEASTSMHERSAKLRQAAGLVECNLTLLGATAIEDKLQDGVPEAIESLRQAGIKVWVLTGDKQETAISIGLSCRLLTQTMHSIIINGSSEVECRRLLAEAKAKFGIKSADFGRDSQGTEDLYDGDISKLRPSNGHLSESAVQNFELTGVIAGDKSEYNEKETNFDGTELALIIDGSSLVYILEKDLESELFDLATSCKVVICCRVAPLQKAGIVDLIKSRTSDMTLAIGDGANDVSMIQMADVGVGICGQEGRQAVMASDFAMGQFRFLKRLLLVHGHWNYQRIAYMILYNFYRNAVFVLMLFWYILYTAYSATLALTDWSSVFYSLIYTSVPTVVVGILDKNLSHNTLLCYPRLYEAGLRNEGYNLTLFWITMLDTLWQSLVLFYVPFFTYNISTMDIWSMGSLWTIAVVIIVNIHLAMDIQRWVLITHLAVWGSIAATFLCMVLIDSIPIFPNYGTIYNMAASRTYWLSVCLIIVLGLLPRFLCKVVYQTFWPSDIQIAREAELFKKLPQQLGSRPASDIS,0
LOC8083664,>XP_021314521.1,phospholipid-transporting ATPase 1 isoform X2,[Sorghum bicolor],MTTGDPLLLSSSGTADSPSKHQAPARPSVGSLGCLCATDSFSSSLYEDCETASVTPTDEREAQPRHLRVESDVSRVAERFQSADSHFFHRLSVECSQEERQRKVSWGGAMEMQHSPSSLEIGMVSSSHEKPNRSQRIRNKSSQFEDPFLSEHEPRLIYINDPNRTNDRYEFTGNEIRTSKYTLITFLPKNLFIQFHRLAYVYFLVIAALNQLPPLAVFGRTASLFPLLFVLFVTAIKDGYEDWRRHRSDRNENNREALVLQHGDFRSKKWKKICAGEVVKIHANETMPCDMVLLGTSDPNGIAYIQTMNLDGESNLKTRYARQETTSMIYDDAYSGLIKCEQPNRNIYEFTATMELNSQRVPLGQSNIVLRGCQLKNTEWIIGVVVYAGQETKAMLNSTISPSKSSNLESYMNRETLWLSAFLLITCTVVAAGMGVWLFKNSKNLDALPYYRRKYFTFGRENRKDFKFYGIALEIFFSFLSSVIIFQIMIPISLYITMELVRVGQSYFMIGDTRMYDSSSGSRFQCRSLNINEDLGQIRYIFSDKTGTLTQNKMEFQQASIYGKNYGSSLQVTSDFSHEISTTEPLRQNGRKPKVNVDLALTALLNQPLIGEERLAAHDFFLTLAACNTVIPVSTESSHDLTNEVDETSAIDYQGESPDEQALVTAASAYGYTLVERTTGHIVIDVLGERLRLDVLGLHEFDSVRKRMSVVVRFPDNNVKVLVKGADTSMLSILKVEIGDGLYDSLHVKIRETTENHLSAYSSEGLRTLVIGSKNLTDAEFSEWQERYEEASTSMHERSAKLRQAAGLVECNLTLLGATAIEDKLQDGVPEAIESLRQAGIKVWVLTGDKQETAISIGLSCRLLTQTMHSIIINGSSEVECRRLLAEAKAKFGIKSADFGRDSQEYNEKETNFDGTELALIIDGSSLVYILEKDLESELFDLATSCKVVICCRVAPLQKAGIVDLIKSRTSDMTLAIGDGANDVSMIQMADVGVGICGQEGRQAVMASDFAMGQFRFLKRLLLVHGHWNYQRIAYMILYNFYRNAVFVLMLFWYILYTAYSATLALTDWSSVFYSLIYTSVPTVVVGILDKNLSHNTLLCYPRLYEAGLRNEGYNLTLFWITMLDTLWQSLVLFYVPFFTYNISTMDIWSMGSLWTIAVVIIVNIHLAMDIQRWVLITHLAVWGSIAATFLCMVLIDSIPIFPNYGTIYNMAASRTYWLSVCLIIVLGLLPRFLCKVVYQTFWPSDIQIAREAELFKKLPQQLGSRPASDIS,0
LOC8064926,>XP_021317143.1,phospholipid-transporting ATPase 3 isoform X1,[Sorghum bicolor],MSARIKEMVRVATARLGGEQAVGGGGGASSSSGFTRRESTARLGGGGTSLRRQPQPMAPTVRTVYCNDREANAPVGYKGNSVSTTKYNILTFVPKGLFEQFRRVANLYFLMISILSTTPISPVHPVTNVVPLSIVLLVSLIKEAFEDWKRFQNDMSINNAHIDVLQGQCWESTPWKRLQVGDIVRIKQDGYFPADLLFLSSTNPDGVCYIETANLDGETNLKIRKALEKTWDYVLPEKASEFKGEVQCEQPNNSLYTFTGNLIMDKQTIPLSPNQLLLRGCSLRNTEYIVGVVIFTGHETKVMMNSMNVPSKRSTLEKKLDKLILALFATLFTMCVIGAIGSGVFINEKYFYLGLRGHVEDQFNPKNRFVVTILTMFTLITLYSTIIPISLYVSIEMIKFIQCTQFINNDLHMYHAESNTPALARTSNLNEELGQVEYIFSDKTGTLTRNLMEFFKCSIGGEMYGTGITEIEKGGAERAGIKIDDDEGKRSANAVHEKGFNFDDARIMRGAWRNEPNPEACKEFFRCLAICHTVLPEGEETPEKISYQAASPDEAALVAAAKNFGFFFYRRTPTTVMVRESHVERMGSIQDVPYEILNVLEFNSTRKRQSVVCRFPNGRLVLYCKGADNVVYERLADGNHDMKKISREHLEQFGSAGLRTLCLAYRDLSREQYESWNEKFVQAKSSLRDRDKKLDEVAELIEKDLVLVGCTAIEDKLQEGVPTCIETLSAAGIKIWVLTGDKMETAINIAYACSLVNNDTKQFIISSETDAIREAEDRGDPVEIARVIKDSVKQSLKSFHEEAQHSLTSTPERKLALIIDGRCLMYALDPTLRVDLLGLSLSCHSVVCCRVSPLQKAQVTSLVRKGAQKITLSIGDGANDVSMIQAAHVGIGISGQEGMQAVMASDFAIAQFRFLTDLLLVHGRWSYLRLCKVITYFFYKNLTFTLTQFWFTFQTGFSGQRFYDDWFQSLYNVIFTALPVIIVGLFDKDVSASLSKKYPQLYKEGIRNSFFTWRVIAVWGFFAFYQSIVFFYFTAAASRHGHGSSGKILGLWDVSTMAFTCVVVTVNLRLLMACNSITRWHYISVAGSIVAWFMFIFIYSAIMTSFDRQENVYFVIYVLMSTFFFYLTILLVPIIALFGDFLYLSIQRWLFPYDYQIIQEQHKDEPHEYSRVQLPETSHLSPEEARSYMISMLPRESSKHTGFAFDSPGYESFFASQQGVGVPHKPWDVARRASMKQQRAGKS,0
LOC8064926,>XP_021317147.1,phospholipid-transporting ATPase 3 isoform X2,[Sorghum bicolor],MISILSTTPISPVHPVTNVVPLSIVLLVSLIKEAFEDWKRFQNDMSINNAHIDVLQGQCWESTPWKRLQVGDIVRIKQDGYFPADLLFLSSTNPDGVCYIETANLDGETNLKIRKALEKTWDYVLPEKASEFKGEVQCEQPNNSLYTFTGNLIMDKQTIPLSPNQLLLRGCSLRNTEYIVGVVIFTGHETKVMMNSMNVPSKRSTLEKKLDKLILALFATLFTMCVIGAIGSGVFINEKYFYLGLRGHVEDQFNPKNRFVVTILTMFTLITLYSTIIPISLYVSIEMIKFIQCTQFINNDLHMYHAESNTPALARTSNLNEELGQVEYIFSDKTGTLTRNLMEFFKCSIGGEMYGTGITEIEKGGAERAGIKIDDDEGKRSANAVHEKGFNFDDARIMRGAWRNEPNPEACKEFFRCLAICHTVLPEGEETPEKISYQAASPDEAALVAAAKNFGFFFYRRTPTTVMVRESHVERMGSIQDVPYEILNVLEFNSTRKRQSVVCRFPNGRLVLYCKGADNVVYERLADGNHDMKKISREHLEQFGSAGLRTLCLAYRDLSREQYESWNEKFVQAKSSLRDRDKKLDEVAELIEKDLVLVGCTAIEDKLQEGVPTCIETLSAAGIKIWVLTGDKMETAINIAYACSLVNNDTKQFIISSETDAIREAEDRGDPVEIARVIKDSVKQSLKSFHEEAQHSLTSTPERKLALIIDGRCLMYALDPTLRVDLLGLSLSCHSVVCCRVSPLQKAQVTSLVRKGAQKITLSIGDGANDVSMIQAAHVGIGISGQEGMQAVMASDFAIAQFRFLTDLLLVHGRWSYLRLCKVITYFFYKNLTFTLTQFWFTFQTGFSGQRFYDDWFQSLYNVIFTALPVIIVGLFDKDVSASLSKKYPQLYKEGIRNSFFTWRVIAVWGFFAFYQSIVFFYFTAAASRHGHGSSGKILGLWDVSTMAFTCVVVTVNLRLLMACNSITRWHYISVAGSIVAWFMFIFIYSAIMTSFDRQENVYFVIYVLMSTFFFYLTILLVPIIALFGDFLYLSIQRWLFPYDYQIIQEQHKDEPHEYSRVQLPETSHLSPEEARSYMISMLPRESSKHTGFAFDSPGYESFFASQQGVGVPHKPWDVARRASMKQQRAGKS,0
LOC8058374,>XP_021308831.1,phospholipid-transporting ATPase 2 isoform X1,[Sorghum bicolor],MAWIQKSQRREKGSPSRSADAHLLLLPPLALAAALRLGPSATEGQSKARRRRQRLPLPPLASRLAPSPPSSAHRPATPRMKRFVYINDESYQNDYCDNRISNTKYTLLNFLPKNLWEQFRRFMNQYFLLIACLQLWSLITPVNPASTWGPLIFIFAVSATKEAWDDYNRYISDKQANDKEVWIVKNGARKHIQAQDIRVGNIVWIRENEEVPCDLVLLGTSEPQGICHLETAALDGEIDLKTRASPPPCVGLEFEQLHKIKGVIECPIPDKDIRRFDANIRLFPPFIDNDICPLTINNTLLQSCYLRNTEWACGVAVYTGNETKLGMSRGVPEPKLTAMDAMIDKLTGAIFLFQLTVVVVLGAAGNVWKDMEARKQWYVKYDDNEPWYQILVIPLRFELLCSIMIPISIKVSLDFVKSLYAKFIDWDEDMYDLENDIPAHAANTAISEDLGQVEYILTDKTGTLTENKMIFRRCCIGGTFYGNESGDALRDIELLNAVANNSPHVIKFLKVMTLCNTVIPIKSPSGSILYKAQSQDEDALVNAAANLHMVLVSKNGNNAEIHFNRRVMQYEILDILEFTSDRKRMSVVILDCQSGKIFLLSKGADEAMLPCAYSGQKTKTFVDAVDKYAQLGLRTLCLGWRELEPEEYTKWSQSFKEANSSLNDREWKVAEVCQRLEHSLEILGVSAIEDRLQDGVPETIEILRQSGINFWMLTGDKQSTAIQIALLCNLISSEPKGQLLHIDGKTQDEVARSLERVLLTMRITSSEPKELAFVVDGWALEIILSHYTEAFTELAVLSKTALCCRVTPSQKAQLVKLLKSCDYRTLAIGDGGNDVRMIQQADIGVGISGREGLQAARAADYSIGKFRFLKRLILVHGRYSYNRTAFLSQYSFYKSLLICFIQILFSFLSGIAGTSLFNSVSLMAYNVFYTSIPVLTTVLDKDLSEKTVMQNPEILLYCQAGRLLNPSTFAGWFGRSLYHAIVIFLITIHAYANEKSEMEELSMVALSGSIWLQAFVVTLEMNSFTFLQLLAIWGNLIAFYVLNFFISSIPTSGMYTVMFRLCRQPSYWITLVLISGVGMGPVLALKYFRYTYRPSAINILQKAERSRGPMYTLMNLESQLRPDKDNMMIASSTAPAKNKSSVYEPLLSDSPMASRRSLAPSSFDIFHPAHSRTSHPRNIKAN,0
LOC8058374,>XP_021308832.1,phospholipid-transporting ATPase 2 isoform X2,[Sorghum bicolor],MKRFVYINDESYQNDYCDNRISNTKYTLLNFLPKNLWEQFRRFMNQYFLLIACLQLWSLITPVNPASTWGPLIFIFAVSATKEAWDDYNRYISDKQANDKEVWIVKNGARKHIQAQDIRVGNIVWIRENEEVPCDLVLLGTSEPQGICHLETAALDGEIDLKTRASPPPCVGLEFEQLHKIKGVIECPIPDKDIRRFDANIRLFPPFIDNDICPLTINNTLLQSCYLRNTEWACGVAVYTGNETKLGMSRGVPEPKLTAMDAMIDKLTGAIFLFQLTVVVVLGAAGNVWKDMEARKQWYVKYDDNEPWYQILVIPLRFELLCSIMIPISIKVSLDFVKSLYAKFIDWDEDMYDLENDIPAHAANTAISEDLGQVEYILTDKTGTLTENKMIFRRCCIGGTFYGNESGDALRDIELLNAVANNSPHVIKFLKVMTLCNTVIPIKSPSGSILYKAQSQDEDALVNAAANLHMVLVSKNGNNAEIHFNRRVMQYEILDILEFTSDRKRMSVVILDCQSGKIFLLSKGADEAMLPCAYSGQKTKTFVDAVDKYAQLGLRTLCLGWRELEPEEYTKWSQSFKEANSSLNDREWKVAEVCQRLEHSLEILGVSAIEDRLQDGVPETIEILRQSGINFWMLTGDKQSTAIQIALLCNLISSEPKGQLLHIDGKTQDEVARSLERVLLTMRITSSEPKELAFVVDGWALEIILSHYTEAFTELAVLSKTALCCRVTPSQKAQLVKLLKSCDYRTLAIGDGGNDVRMIQQADIGVGISGREGLQAARAADYSIGKFRFLKRLILVHGRYSYNRTAFLSQYSFYKSLLICFIQILFSFLSGIAGTSLFNSVSLMAYNVFYTSIPVLTTVLDKDLSEKTVMQNPEILLYCQAGRLLNPSTFAGWFGRSLYHAIVIFLITIHAYANEKSEMEELSMVALSGSIWLQAFVVTLEMNSFTFLQLLAIWGNLIAFYVLNFFISSIPTSGMYTVMFRLCRQPSYWITLVLISGVGMGPVLALKYFRYTYRPSAINILQKAERSRGPMYTLMNLESQLRPDKDNMMIASSTAPAKNKSSVYEPLLSDSPMASRRSLAPSSFDIFHPAHSRTSHPRNIKAN,0
LOC8056603,>XP_021318590.1,Niemann-Pick C1 protein,[Sorghum bicolor],MAPGGRRRGIATFAAAAIALMQISSLLFPISAQQFSGSRVVPAEGYCSMYGICAQRSDGKVLNCANATKAVKPDTLFSSRIQSLCPTITGDVCCTVDQFDTLHQQVQQAVPFLVGCPACLRNFLNLFCEMSCSPNQSLFINVTSVKQINSTMTVDGLDYYVTTNYGEELYDSCKDVKFGTLNTRAMDFIGAGAKTYKDWLAFIGRQANSNEPGSPYLITFRSDFSDSSGVKPLNSTIYSCGDPSLGCSCGDCPSSSECTGSLLPQLNTETSCSVKMGSLKAKCLDFSLVVIYLALLCAFLLWGLLHRTRGRTAFGQTRPLRNSDNKSDSNKNGKSPHNSVQVPEAASSTVKPSNPSIVQAYMSIFFRKHGIFVARHPLLVLCVSLLVPVLLCIGLFRFKVETRPEKLWVSPGSQAADEKNYFDSHLAPFYRIEQLVLATSASGGSEAPSIVNDNNMKLLFDVQKKVDDLRVNYSGSTVALADICLKPLSTDCATQSVLQYFQLDPKKFDDSGIDHAKFCFQHYTSEETCLSTFQSPIDPSTILGGFLGSNFTEASAFVITYPVNNKVETTGKENGKAVAWERAFINLVKEEIRPMVLAQNLTLSFSSESSIQDELNRESTADAITIVISYIVMFAYISFTLGDRPSRWLLLFVSSKVLLGLSGVVLVMLSVLGSMGFFSAIGVKSTLIIMEVIPFLVLAVGVDNMCILVHAVKRQPDQSNLEERISNALVEVGPSITLASFAEVLAFAVSAINPTPATRVFSMFAALAVFMDFLLQVTAFVALIVFDFRRAQDGRIDCVPCARIMPSTGAGDGGDEQRLHLLARYMRDIHGPILSYRAVKFVVVTVFLGLTFASIALSTRLQPGLEQQIVLPRNSYLQDYFDDLAKYMKVGPPLYFVVKDFNYSSASVHTNQICSINQCNSNSLLNEISRQSLSPETSYIAKPAASWLDDFLVWMSPEAFGCCRKFVNGNYCPPDDQPPCCQHNQVSGSCVTSSTCSNCTTCFLHSDLDNGRPSTTQFRDKLPWFLDALPSSDCSKGGKGAYSTSLDLSGYESGIIQASAFRTYHTPLNKQSDYVNSMRAARDFSSKMSKDLQMNIFPYSVFYIFFEQYLSVWKTAIMNICVCLGTIFVVCFIVTGSLWASAIILIVLAMIVLDLMGVMAILGIQLNAIAVVNLVMSIGIAVEFCVHITHAFMIGAGDRETRARQALSTMGASVFSGITLTKLVGVIVLRFAKSEVFVVYYFQMYLALVIIGFLHGLIFLPVVLSLCGPPPKSAKPIEQSQPPSASTERT,0
LOC8083338,>XP_021318966.1,probable metal-nicotianamine transporter YSL9 isoform X1,[Sorghum bicolor],MKQERRRRQHQHRHHRPPPSRLELAMAHARDGGGHEEGAEAAVCLDGDSEAGEARGAGRVPPWRDQLTARGMVASLAVGAMYSVIVMKLALTTGLVPTLNVSAALIAFVILRGWTQALARFGVATRPFTRQEYTVVQTCAVACYSIATGGGFGSFLLGLNKRTYELAGEETEGNVPGSYKEPGIGWMTGFLFAVSFVGIVALIPLRKIMVIDYKLTYPSGTATAVLINGFHTTHGDATAKQQVNGFTKYFAISFFWSFFQWFYSGGDNCGFSQFPTFGLRAWKQTFFFDFSLTYVGAGMICSHLVNLSLLLGALLSWGIMWPLISDLKGDWYPADMKESSMRSLQGYKAFICIALILGDGLYNFVKIVAFTVKSLLDRSRLKNAKKEEDMPVLDEIQRNEVFTKDSIPNWLAYSGYLALSVVAVFAIPLMFHEMKWYYVIIAYLLAPALGFCNAYGAGLTDINMAYNYGKVALFILAAWAGKDSGVVAGLVGCGLVKSLVSISADLMHDFKTGHLTLTSPRSMIIAQAIGTAMGCVIGPLTFFLFYKAFDIGNPDGYWKAPYALVYRNMAILGVQGFSALPKHCLHLCYGFFGFAVAANLMRDLLPPKYGKWVPLPMAMGVPFLVGASFAIDMCVGSLIVFIWHMIDRSKASLMVPAVASGLICGDGLWIFPESLLALFKINPPLCMAFRPSH,0
LOC8083338,>XP_021318967.1,probable metal-nicotianamine transporter YSL9 isoform X2,[Sorghum bicolor],MAHARDGGGHEEGAEAAVCLDGDSEAGEARGAGRVPPWRDQLTARGMVASLAVGAMYSVIVMKLALTTGLVPTLNVSAALIAFVILRGWTQALARFGVATRPFTRQEYTVVQTCAVACYSIATGGGFGSFLLGLNKRTYELAGEETEGNVPGSYKEPGIGWMTGFLFAVSFVGIVALIPLRKIMVIDYKLTYPSGTATAVLINGFHTTHGDATAKQQVNGFTKYFAISFFWSFFQWFYSGGDNCGFSQFPTFGLRAWKQTFFFDFSLTYVGAGMICSHLVNLSLLLGALLSWGIMWPLISDLKGDWYPADMKESSMRSLQGYKAFICIALILGDGLYNFVKIVAFTVKSLLDRSRLKNAKKEEDMPVLDEIQRNEVFTKDSIPNWLAYSGYLALSVVAVFAIPLMFHEMKWYYVIIAYLLAPALGFCNAYGAGLTDINMAYNYGKVALFILAAWAGKDSGVVAGLVGCGLVKSLVSISADLMHDFKTGHLTLTSPRSMIIAQAIGTAMGCVIGPLTFFLFYKAFDIGNPDGYWKAPYALVYRNMAILGVQGFSALPKHCLHLCYGFFGFAVAANLMRDLLPPKYGKWVPLPMAMGVPFLVGASFAIDMCVGSLIVFIWHMIDRSKASLMVPAVASGLICGDGLWIFPESLLALFKINPPLCMAFRPSH,0
LOC8083338,>XP_021318968.1,probable metal-nicotianamine transporter YSL9 isoform X3,[Sorghum bicolor],MKQERRRRQHQHRHHRPPPSRLELAMAHARDGGGHEEGAEAAVCLDGDSEAGEARGAGRVPPWRDQLTARGMVASLAVGAMYSVIVMKLALTTGLVPTLNVSAALIAFVILRGWTQALARFGVATRPFTRQEYTVVQTCAVACYSIATGGGFGSFLLGLNKRTYELAGEETEGNVPGSYKEPGIGWMTGFLFAVSFVGIVALIPLRKIMVIDYKLTYPSGTATAVLINGFHTTHGDATANFFFDFSLTYVGAGMICSHLVNLSLLLGALLSWGIMWPLISDLKGDWYPADMKESSMRSLQGYKAFICIALILGDGLYNFVKIVAFTVKSLLDRSRLKNAKKEEDMPVLDEIQRNEVFTKDSIPNWLAYSGYLALSVVAVFAIPLMFHEMKWYYVIIAYLLAPALGFCNAYGAGLTDINMAYNYGKVALFILAAWAGKDSGVVAGLVGCGLVKSLVSISADLMHDFKTGHLTLTSPRSMIIAQAIGTAMGCVIGPLTFFLFYKAFDIGNPDGYWKAPYALVYRNMAILGVQGFSALPKHCLHLCYGFFGFAVAANLMRDLLPPKYGKWVPLPMAMGVPFLVGASFAIDMCVGSLIVFIWHMIDRSKASLMVPAVASGLICGDGLWIFPESLLALFKINPPLCMAFRPSH,0
LOC8075150,>XP_002452832.1,iron-phytosiderophore transporter yellow stripe 1 isoform X1,[Sorghum bicolor],MDRSRSSVAAADDEEIEKHEPVPEDMESDPAAAREKEQEQVRPWREQVTLRGMVAALLIGFMYTVIVMKIALTTGLVPTLNVSAALMAFLALRGWTRVLERLGVAHRPFTRQENCVVETCAVACYTIAFGGGFGSTLLGLDKKTYELAGASPANVPGSYKDPGFGWMAGFIAAISFAGLLSLIPLRKVLVIDYKLTYPSGTATAVLINGFHTKQGDKNAKMQVHGFLKYFGLSFIWSFFQWFYTGGDVCGFVQFPTFGLKAWKQTFFFDFSLTYVGAGMICSHLVNISTLLGAILSWGILWPLISKQKGEWYPANIPESSMKSLYGYKAFLCIALIMGDGTYHFFKVFGVTIKNLHQRLNRKRASNRVANGGEEMVALDDLQRDEIFNDGSFPSWAAYAGYALLTIISAITIPHIFRQIKWYYVIVAYVLAPLLGFANSYGTGLTDINMAYNYGKIALFIFAAWAGKDNGVIAGLAGGTLVKQLVMASADLMHDFKTGHLTLTSPRSLLVAQFIGTAMGCIIAPLTFLLFYNAFDIGNPNGYWKAPYGLIYRNMAILGVEGFSVLPKHCLALSAGFFAFAFVFSVARDVLPRKYARFVPLPMAMAVPFLVGGSFAIDMCIGSLVVFVWNTMNKKEAVFMVPAVASGLICGDGIWTFPSSVLALAKIKPPICMKFTPGS,0
LOC8081890,>XP_021301533.1,sulfate transporter 1.2,[Sorghum bicolor],MPRTVSDGGEDDHGADVASRTSSHRRMEHGHGYKVGVPPKKNFLTEFSDAVKETFFADDPLRQYKDQPKSKQIWLGLQQVFPVLDWSRYYSLSKFKGDFIAGLTIASLCIPQDIGYSKLANLPAEVGLYSSFVPPLIYAVMGSSRDIAIGPVAVVSLLLGTLLQNEIDPKTHPLEYKRLAFTATFFAGVTQAALGFFRLGFIIEFLSHAAIVGFMSGAAITIALQQLKGFLGIANFTKKSDIVSVMKSVWGNVHHGWNWQTILIGASFLAFLLVAKYIGKRNKKLFWVSAIAPLTSVIISTFFVYITRADKHGVAIVKDIRKGINPPSSSLIYFTGPYLATGFKIGVVAGMIGLTEAIAIGRTFAALKDYQIDGNKEMVALGTMNIVGSLTSCYIATGSFSRSAVNYMAGCKTAVSNVVMSIVVMLTLLLITPLFKYTPNAILSSIIISAVLGLIDYESAYLIWKVDKLDFLACMGAFFGVIFSSVEYGLLIAVVISLAKILLQVTRPRTVLLGNLPRTTIYRNVEQYPDATKVPGMLIVRVDSAIYFTNSNYVKERILRWLRDEEEEQQDQKLPKTEFLIVDLSPVIDIDTSGIHALEELLKALEKRKIQLVLANPGPAVIQKLRSAKFMDMIGEDKIFLSVGDAVKKFAPKVVDNV,0
LOC8076746,>XP_002450487.1,probable magnesium transporter NIPA4 isoform X1,[Sorghum bicolor],MAAPASAAAGRGGGMSSDNAKGLVLAVSSSAFIGASFIVKKMGLRRAADSGVRAGYGGFSYLVEPLWWIGMISMIVGEIANFAAYAFAPAILVTPLGALSIIISAALAHAILQEKLHTFGILGCVLCVVGSITIVLHAPQERDIDSVKEVWDLATEPAFLCYAAIVVAAALVLIYFVVPHHGQTNIMVYIGVCSLLGSLTVMSVRALGIALKLTFSGTNQLFYPQTWAFALIVATCVSTQINYLNKALDTFNTAVVSPIYYVMFTSLTIIASVIMFKDWDHQNPTQIVTEMCGFMTILSGTFLLHKTKDMTDSPGQCLSTRRPKHASQSAFAIEVMPLKCQDSVDDETLTLSLPKVENGYLKEEQFLRYKDSSIV,0
LOC8076746,>XP_021317357.1,probable magnesium transporter NIPA3 isoform X2,[Sorghum bicolor],MWLSVLLDGYGGFSYLVEPLWWIGMISMIVGEIANFAAYAFAPAILVTPLGALSIIISAALAHAILQEKLHTFGILGCVLCVVGSITIVLHAPQERDIDSVKEVWDLATEPAFLCYAAIVVAAALVLIYFVVPHHGQTNIMVYIGVCSLLGSLTVMSVRALGIALKLTFSGTNQLFYPQTWAFALIVATCVSTQINYLNKALDTFNTAVVSPIYYVMFTSLTIIASVIMFKDWDHQNPTQIVTEMCGFMTILSGTFLLHKTKDMTDSPGQCLSTRRPKHASQSAFAIEVMPLKCQDSVDDETLTLSLPKVENGYLKEEQFLRYKDSSIV,0
LOC8076746,>XP_021317358.1,probable magnesium transporter NIPA3 isoform X3,[Sorghum bicolor],MISMIVGEIANFAAYAFAPAILVTPLGALSIIISAALAHAILQEKLHTFGILGCVLCVVGSITIVLHAPQERDIDSVKEVWDLATEPAFLCYAAIVVAAALVLIYFVVPHHGQTNIMVYIGVCSLLGSLTVMSVRALGIALKLTFSGTNQLFYPQTWAFALIVATCVSTQINYLNKALDTFNTAVVSPIYYVMFTSLTIIASVIMFKDWDHQNPTQIVTEMCGFMTILSGTFLLHKTKDMTDSPGQCLSTRRPKHASQSAFAIEVMPLKCQDSVDDETLTLSLPKVENGYLKEEQFLRYKDSSIV,0
LOC8059564,>XP_002452125.1,probable magnesium transporter NIPA2 isoform X1,[Sorghum bicolor],MVVSLDNVRGLTLAMSSSAFIGSSFVIKKVGLKKAGDNGRRAASGGFSYLYEPLWWLGMITMILGEVANFAAYAFAPAVLVTPLGALSIIFSAVLAHFILKENLHMFGIVGCILCVVGSVGIVLHAPKERKIDSMKEIWHLATQPGFIVYSCVAVACVLFLIFRVVERSGHRLMLVYIAICSLMGSLTVISVKAVAIALKLSFSGSNQFIYVQTWFFIVVVTICCLVQLNYLNKALDSFNTAVVSPVYYVMFTILTIVANMIMYKDWASQTATQIATQLCGFVTIVAGTFLLHKTRDMGNPPPPDQICLEEARECGPRSTNSSS,0
LOC8059564,>XP_021315807.1,probable magnesium transporter NIPA2 isoform X2,[Sorghum bicolor],MITMILGEVANFAAYAFAPAVLVTPLGALSIIFSAVLAHFILKENLHMFGIVGCILCVVGSVGIVLHAPKERKIDSMKEIWHLATQPGFIVYSCVAVACVLFLIFRVVERSGHRLMLVYIAICSLMGSLTVISVKAVAIALKLSFSGSNQFIYVQTWFFIVVVTICCLVQLNYLNKALDSFNTAVVSPVYYVMFTILTIVANMIMYKDWASQTATQIATQLCGFVTIVAGTFLLHKTRDMGNPPPPDQICLEEARECGPRSTNSSS,0
LOC8059239,>XP_002463469.1,ABC transporter G family member 3 isoform X1,[Sorghum bicolor],MEVAASSDQYRSSSSSASSPARRYYLPKPGALRRPISFEDSPDWDDIHPDDTIHLASAASASISIASSAYPSPSPSLPPGPSSASTAACRERKLAGATLVWKDLTVSSLAATTNRFSDRLVKSSNGYALPATLTVIMGPARSGKSTLLRAIAGRLSATERIYGEVFVNGAKSPLPYGSYGYVDRDDVLIESLTVREMLYFSALLQLPGFLSSKKSIVEDAIAAMSLCDHADKLIGGNCFMKRLPTGERRRVSIARELVMRPHVLFIDEPLYNLDSVSALLLMVTLKKLASTGCTIIFTMYQSSTEVFGLFDRICLLSNGNTLFFGETLACLQHFSNAGFPCPIMQSPSDHFLRAINTDFDRIIAMCKNLQDDQGDFSSVSMDTAVAIRTLEATYKQSADSIAVESMIAKLTEKEGPCLKGKGRASDAARIVVLTWRSLLIMSRDWKYFWIRLALYMLIALSIGTVFTDIGHSLSSVMVRISAIFAFVSFVILLSASGVPAHIDEVKIYSHEEANRHSGTMVFLLGNFLSSIPFLFLVSILSSLVFYFLIGLRNEFSFLMYFVITIFVCLLANEALMMIIAYIWLETYKCSLTLIFLYVIMMLVAGYFRIRENLPYPVWTYPLSFISFHTYAVQGLVENEYVGTSFAVGQIRTIPGVQAVRGSYDISSSTNAKWVNLLVLLLMAIGYRIVLYLLLRLDVRKHARMLGNWRSWWPSVHSATGAK,0
LOC8059239,>XP_021314447.1,ABC transporter G family member 3 isoform X2,[Sorghum bicolor],MEVAASSDQYRSSSSSASSPARRYYLPKPGALRRPISFEDSPDWDDIHPDDTIHLASAASASISIASSAYPSPSPSLPPGPSSASTAACRERKLAGATLVWKDLTVSSLAATTNRFSDRLVKSSNGYALPATLTVIMGPARSGKSTLLRAIAGRLSATERIYGEVFVNGAKSPLPYGSYGYVDRDDVLIESLTVREMLYFSALLQLPGFLSSKKSIVEDAIAAMSLCDHADKLIGGNCFMKRLPTGERRRVSIARELVMRPHVLFIDEPLYNLDSVSALLLMVTLKKLASTGCTIIFTMYQSSTEVFGLFDRICLLSNGNTLFFGETLACLQEGPCLKGKGRASDAARIVVLTWRSLLIMSRDWKYFWIRLALYMLIALSIGTVFTDIGHSLSSVMVRISAIFAFVSFVILLSASGVPAHIDEVKIYSHEEANRHSGTMVFLLGNFLSSIPFLFLVSILSSLVFYFLIGLRNEFSFLMYFVITIFVCLLANEALMMIIAYIWLETYKCSLTLIFLYVIMMLVAGYFRIRENLPYPVWTYPLSFISFHTYAVQGLVENEYVGTSFAVGQIRTIPGVQAVRGSYDISSSTNAKWVNLLVLLLMAIGYRIVLYLLLRLDVRKHARMLGNWRSWWPSVHSATGAK,0
LOC110434040,>XP_021313286.1,CMP-sialic acid transporter 3 isoform X1,[Sorghum bicolor],MNGEVECSVCHAKVQVPPAVSKAYDSHRSTVSSRQRALNVLLVSGDCVLAGLQPILVYMSKVDGKFKFSPISVNFLTEITKIIFAIVMLFIQARRLNVGDKPLLTVSIFMQAARNNVLLAVPAFLYAINNYLKFIMQLYFNPASVKMLSNLKVLVIAVLLKMIMRRRFSIIQWEALALLLIGISVNQLKSLPEGSSALGLPVAAGAYLYTLFFVTVPALASVYNEKALKSQFDTSIYLQNLFLYGYGAIFNFLGLVITAIIQGPSSFNILEGHSKATMFLICNNAAQGILSSFFFKYADTILKKYSSTIATIFTGVASAVLFGHTLTINFVLGISIVIISMHQYLSNQIKDEVPSSKVEMAEAHDHSRKEPSYVNVPDSVASEAKHRHGSDERQPLLPV,0
LOC110433160,>XP_021310569.1,equilibrative nucleotide transporter 3-like isoform X1,[Sorghum bicolor],MSDSECAGAPQLKGKYFGLLVCFLLGNGCLFAWNSMLTIEDYYVYLFPKNHPTRVLTLVYQPFALGVTALLAYHEAKINTRLRNLTGYTIYFLSSFAIIILDVATKGRGGFGAFVGICVTSAAFGIADAHAQGGMIGDLSLMCPEFIQSYLSGLAASGAITSALRLITKAAFENSQDGLRKGAMLFFSISCFNELLCVLLYTFVFPTLPIVKFYRLKAASEGSKTVAGDLAAAGVPIQHEEQAMEDPKQYVRLSTKLLFLQNVDYALDIFLTYVLTLSIFPGFLSEDTGSHGLGTWYALVLITMFNAWDLIGRYVPIIVKLKSRKCIMAATLARFLLIPAFYFTAKYGAQGYMIFLTSFLGLSNGYLTVCILTEAPKGYNGPEQNALGNVLVVFLMIGLFSGVVLDWLWLIGKGW,0
LOC110433160,>XP_021310570.1,equilibrative nucleotide transporter 3-like isoform X2,[Sorghum bicolor],MSDSECAGAPQLKGKYFGLLVCFLLGNGCLFAWNSMLTIEDYYVYLFPKNHPTRVLTLVYQPFALGVTALLAYHEAKINTRLRNLTGYTIYFLSSFAIIILDVATKGRGGFGAFVGICVTSAAFGIADAHAQGGMIGDLSLMCPEFIQSYLSGLAASGAITSALRLITKAAFENSQDGLRKGAMLFFSISCFNELLCVLLYTFVFPTLPIVKFYRLKAASEGSKTVAGDLAAAGVPIQHEEQAMEDPKQYVRLSTKLLFLQNVDYALDIFLTYVLTLSIFPGFLSEDTGSHGLGTCNPRTLSTHSCILFYCKVRRTRVHDLFDILLGVEQRVSNRMYPYRGTQRIQWARAKCAGECSCCFPHDWTVFWCCARLVMADRERLVITKVTS,0
LOC110433160,>XP_021310571.1,equilibrative nucleotide transporter 3-like isoform X3,[Sorghum bicolor],MSDSECAGAPQLKGKYFGLLVCFLLGNGCLFAWNSMLTIEDYYVYLFPLDVATKGRGGFGAFVGICVTSAAFGIADAHAQGGMIGDLSLMCPEFIQSYLSGLAASGAITSALRLITKAAFENSQDGLRKGAMLFFSISCFNELLCVLLYTFVFPTLPIVKFYRLKAASEGSKTVAGDLAAAGVPIQHEEQAMEDPKQYVRLSTKLLFLQNVDYALDIFLTYVLTLSIFPGFLSEDTGSHGLGTWYALVLITMFNAWDLIGRYVPIIVKLKSRKCIMAATLARFLLIPAFYFTAKYGAQGYMIFLTSFLGLSNGYLTVCILTEAPKGYNGPEQNALGNVLVVFLMIGLFSGVVLDWLWLIGKGW,0
LOC8085154,>XP_002444019.2,putative potassium transporter 12 isoform X1,[Sorghum bicolor],MLMASMSDSETTNRGSMWELDQNLDQPMDEEASQLKNMYREKKFSSILLLRLAFQSLGVVFGDLGTSPLYVFYNIFPHGVDEDEDVIGALSLIIYTLTLIPLMKYVFVVLRANDNGQGGTFALYSLLCRHAKVSTIPNQHKTDEELTTYSRQTYEENSLAAKVKKWLEGHAYKKNCLLILVLIGTCTAIGDGILTPAISVLSAAGGIRVQNQNMSTDVVVIVAVIILIGLFCMQHYGTDKVGWLFAPLVLLWFILIGSVGLVNIHKYNSSVLKAYNPVYTFRYFRRGKSEIWTSLGGVMLSITGTEALYADLCHFPVLAIQIAFTLVVFPCLLLAYTGQAAYIIDHKDHVVDAFYRSIPEAIYWPAFIIATLAAVVASQATISATYSIIKQALALGCFPRVNVVHTSKKFLGQIYIPDINWVLMILCIAVTAGFKNQSQIGNAYGTAVVIVMLVTTFLMIPVMLLVWKSHWILVVIFLVLSLTVELPYFTACINKVDQGGWVPLVIAITFFVIMYVWHFCTVKRYEFEMHSKVSMAWILGLGPSLGLVRVPGIGFVYTELASGVPHIFSHFITNLPAIHSVVVFVCVKYLPVYTVPAEERFIMKRIGPKNYHMFRCVARYGYKDIHKKDDNFEKMLLDRLLIFVRLESMMDGYSDSEDFTIMEQKAERSSRSLQLIEKAGGNTLSSIGDLSYSSQDSIVPAKSPLTGNSLTRYSSQTFGDELEFLNRCKDAGVVHILGNTVVQARRDSGFVKKVAVNYVYAFLRKLCRENSVIFNVPHESLLNVGQIYYI,0
LOC8085154,>XP_021320893.1,putative potassium transporter 12 isoform X2,[Sorghum bicolor],MKSVEGGTFALYSLLCRHAKVSTIPNQHKTDEELTTYSRQTYEENSLAAKVKKWLEGHAYKKNCLLILVLIGTCTAIGDGILTPAISVLSAAGGIRVQNQNMSTDVVVIVAVIILIGLFCMQHYGTDKVGWLFAPLVLLWFILIGSVGLVNIHKYNSSVLKAYNPVYTFRYFRRGKSEIWTSLGGVMLSITGTEALYADLCHFPVLAIQIAFTLVVFPCLLLAYTGQAAYIIDHKDHVVDAFYRSIPEAIYWPAFIIATLAAVVASQATISATYSIIKQALALGCFPRVNVVHTSKKFLGQIYIPDINWVLMILCIAVTAGFKNQSQIGNAYGTAVVIVMLVTTFLMIPVMLLVWKSHWILVVIFLVLSLTVELPYFTACINKVDQGGWVPLVIAITFFVIMYVWHFCTVKRYEFEMHSKVSMAWILGLGPSLGLVRVPGIGFVYTELASGVPHIFSHFITNLPAIHSVVVFVCVKYLPVYTVPAEERFIMKRIGPKNYHMFRCVARYGYKDIHKKDDNFEKMLLDRLLIFVRLESMMDGYSDSEDFTIMEQKAERSSRSLQLIEKAGGNTLSSIGDLSYSSQDSIVPAKSPLTGNSLTRYSSQTFGDELEFLNRCKDAGVVHILGNTVVQARRDSGFVKKVAVNYVYAFLRKLCRENSVIFNVPHESLLNVGQIYYI,0
LOC8085154,>XP_021320894.1,putative potassium transporter 12 isoform X3,[Sorghum bicolor],MSTDVVVIVAVIILIGLFCMQHYGTDKVGWLFAPLVLLWFILIGSVGLVNIHKYNSSVLKAYNPVYTFRYFRRGKSEIWTSLGGVMLSITGTEALYADLCHFPVLAIQIAFTLVVFPCLLLAYTGQAAYIIDHKDHVVDAFYRSIPEAIYWPAFIIATLAAVVASQATISATYSIIKQALALGCFPRVNVVHTSKKFLGQIYIPDINWVLMILCIAVTAGFKNQSQIGNAYGTAVVIVMLVTTFLMIPVMLLVWKSHWILVVIFLVLSLTVELPYFTACINKVDQGGWVPLVIAITFFVIMYVWHFCTVKRYEFEMHSKVSMAWILGLGPSLGLVRVPGIGFVYTELASGVPHIFSHFITNLPAIHSVVVFVCVKYLPVYTVPAEERFIMKRIGPKNYHMFRCVARYGYKDIHKKDDNFEKMLLDRLLIFVRLESMMDGYSDSEDFTIMEQKAERSSRSLQLIEKAGGNTLSSIGDLSYSSQDSIVPAKSPLTGNSLTRYSSQTFGDELEFLNRCKDAGVVHILGNTVVQARRDSGFVKKVAVNYVYAFLRKLCRENSVIFNVPHESLLNVGQIYYI,0
LOC8080531,>XP_002465833.2,CMP-sialic acid transporter 1,[Sorghum bicolor],MQWYLVAALLTVLTSSQGILTTLSQSNGKYKYDYATIPFLAELFKLSVSGFFLWKECHSSSPPRMTKEWRSVQLYVVPSVIYLIHNNVQFATLTYVDPSTYQIMGNLKIVTTGILFRLVLKRKLSNLQWMAIVLLAVGTTASQVKGCGYAPCDSLFSAPLQGYMLGILSACLSALAGVYTEYLMKKNNDSLYWQNAQLYTFGVIFNMGWLIYGDFKAGFELGPWWQRLFNGYSITTWMVVFNLGSTGLLVSWLMKYSDNIVKVYSTSMAMLLTMVLSIYLFSVKATIQLFLGIIICIISLQMYFMPVHMLVELPQTLPVTSK,0
LOC8076738,>XP_021304162.1,zinc transporter 10 isoform X1,[Sorghum bicolor],MPFFEEMMEGSSYIRTHLQQIAAASVSTASCGGASNTDADDAECRDEAAALRLKMVAVAAILVAGATGVAIPLVGRRCRGRGGGASSSSGSFSSSPSAGGAFVLVKAFAAGVILATGFVHMLHDADEALTDPCLPAAPWRRFPFPGFVAMLAALATLVFDFVGTHMYESKQHSADAAEAAAAAGNASVNASGHDVTAALLEDGALAGSVASGIGYGALMGSVGSSIGYSALMGSVGSSIGGGHMDPMHIVGMRAHAAAHRHSYSHGIGPCDDGHNGNDEEPSQARHVVVSQILELGIVSHSVIIGLSLGVSQNPCTIKPLVAALSFHQFFEGFALGGCISEAQFKGFSTLLMAFFFAITTPTGITVGAGIASFYNPNSPRALVVEGILDSISAGILIYMALVDLIAADFLSKRMSCNLRLQVCSYIALFLGAMSMSSLAIWA,0
LOC8076738,>XP_021304163.1,zinc transporter 10 isoform X2,[Sorghum bicolor],MPFFEEMMEGSSYIRTHLQQIAAASVSTASCGGASNTDADDAECRDEAAALRLKMVAVAAILVAGATGVAIPLVGRRCRGRGGGASSSSGSFSSSPSAGGAFVLVKAFAAGVILATGFVHMLHDADEALTDPCLPAAPWRRFPFPGFVAMLAALATLVFDFVGTHMYESKQHSADAAEAAAAAGNASVNASGHDVTAALLEDGALAGSVASGIGYGALMGSVGSSIGYSALMGSVGSSIGGGHMDPMHIVGMRAHAAAHRHSYSHGIGPCDDGHNGNDEEPSQARHVVVSQILELGIVSHSVIIGLSLGVSQNPCTIKPLVAALSFHQFFEGFALGGCISEAQFKGFSTLLMAFFFAITTPTGITVGAADFLSKRMSCNLRLQVCSYIALFLGAMSMSSLAIWA,0
LOC8076738,>XP_002437176.2,zinc transporter 10 isoform X3,[Sorghum bicolor],MPFFEEMMEGSSYIRTHLQQIAAASVSTASCGGASNTDADDAECRDEAAALRLKMVAVAAILVAGATGVAIPLVGRRCRGRGGGASSSSGSFSSSPSAGGAFVLVKAFAAGVILATGFVHMLHDADEALTDPCLPAAPWRRFPFPGFVAMLAALATLVFDFVGTHMYESKQHSADAAEAAAAAGNASVNASGHDVTAALLEDGALAGSVASGIGYGALMGSVGSSIGYSALMGSVGSSIGGGHMDPMHIVGMRAHAAAHRHSYSHGIGPCDDGHNGNDEEPSQARHVVVSQILELGIVSHSVIIGLSLGVSQNPCTIKPLVAALSFHQFFEGFALGGCISEVNIWLSSRVSLHSLWLSSSLSQRLLGSPWGQVSRPSTTPTARGHLW,0
LOC8076738,>XP_021304164.1,zinc transporter 10 isoform X4,[Sorghum bicolor],MPFFEEMMEGSSYIRTHLQQIAAASVSTASCGGASNTDADDAECRDEAAALRLKMVAVAAILVAGATGVAIPLVGRRCRGRGGGASSSSGSFSSSPSAGGAFVLVKAFAAGVILATGFVHMLHDADEALTDPCLPAAPWRRFPFPGFVAMLAALATLVFDFVGTHMYESKQHSADAAEAAAAAGNASVNASGHDVTAALLEDGALAGSVASGIGYGALMGSVGSSIGYSALMGSVGSSIGGGHMDPMHIVGMRAHAAAHRHSYSHGIGPCDDGHNGNDEEPSQARHVVVSQILELGIVSHSVIIGLSLGVSQNPCTIKPLVAALSFHQFFEGFALGGCISEVNIWLSSRVSLHSLWLSSSLSQRLLGSPWGQLISSARE,0
LOC8070973,>XP_021319119.1,probable metal-nicotianamine transporter YSL5 isoform X1,[Sorghum bicolor],MTPAETSPPAPYPRASHSVSAPLLLQDPTTQATPPWREQLTLRGIAVAAALGALLCVVIHRLNLTVGVIPALNVASGLLAFFLAAAWRAAAGRLGFGRGTPFTRQENTVIQTCAIACAGLAFSGCSASYIFAMDRKTYELVGPDYPGNRAEDVRDPSLGWMISFLFLIALVGPFSIVLLRKVMVIDYKLTFPGGTATALMINSLHGKTEGDLAGKKVHCLVKYMGISFVWSFFKWFFSGVGDSCGFDNFPTFGIEAFKNTFYFDFSPSYVGFGLICPHIVNCSVFLGSVISWGFLWPFISAQAGHWYPDNLGNSDFRGLYGYKVFIGISIILGDGLYNLVKIFVVIAREFCSMQSKKRDLPVQALEAEDDGSCEQLAEEKLQTEVFLKDSISPWFAASGYIVLAAISTATVPTIFPQLKWYLVILCYFLAPAIAFCNSYGMGLTNLNLAPTYGKIGLFAFASLVGSDGGGVIAGLAACGIIMSIACSTADLMQDFKSAYLTLSSPRSMFIAQLIGIALGCVIAPLTLWLFWTAFDIGDPDGEYKAPFAIMFREMAILGIEGFSALPLHCLDICYAAFFLALAISLLKDVAPANVSRFIPIPIAMAAPFYVGAYFGVDMFIGTVILYVWQKLNREEADGYAVAVASGLICGDGIWSIPSAVLSILGVVPPICMSFKPSSAPRHAEWTSRGHLPCSEAHSTRQKGAETSSGRRWAAMEMLSMLKAGYTILRSETPATDLVNTFMDWAARRSLVLLAIFLPPYYIYKLTTSAFAAAVPEDVAGKVVLITGASSGIGEQIAYQYAKKGARLALVARRVGSLHDVATRAKDVGSPDVLVVAGDVANLEDCQRFVQATVEHFGRLDHLVNNAGVAYVCWFEEVPDVADLKQVLAVNFWGAVYPTHCALPHLKKSGGKIFANSSAAAMLAMPRMSFYNASKAAVLNFFETLRIELHDEVGITIATPGWIESEMTKGKHLSKEGTVEVDQDTRDAQVGLFPVLHAARCAEAIVDAICRGRRHLTVPLWYRALFLWRTLTPEVTDLSQRLFYGRTAGGHSNQAKAKRLLEFTGAKGVLQPASLHNSDIKRE,0
LOC8070973,>XP_021319121.1,probable metal-nicotianamine transporter YSL5 isoform X2,[Sorghum bicolor],MTPAETSPPAPYPRASHSVSAPLLLQDPTTQATPPWREQLTLRGIAVAAALGALLCVVIHRLNLTVGVIPALNVASGLLAFFLAAAWRAAAGRLGFGRGTPFTRQENTVIQTCAIACAGLAFSGCSASYIFAMDRKTYELVGPDYPGNRAEDVRDPSLGWMISFLFLIALVGPFSIVLLRKVMVIDYKLTFPGGTATALMINSLHGKTEGDLAGKKVHCLVKYMGISFVWSFFKWFFSGVGDSCGFDNFPTFGIEAFKNTFYFDFSPSYVGFGLICPHIVNCSVFLGSVISWGFLWPFISAQAGHWYPDNLGNSDFRGLYGYKVFIGISIILGDGLYNLVKIFVVIAREFCSMQSKKRDLPVQALEAEDDGSCEQLAEEKLQTEVFLKDSISPWFAASGYIVLAAISTATVPTIFPQLKWYLVILCYFLAPAIAFCNSYGMGLTNLNLAPTYGKIGLFAFASLVGSDGGGVIAGLAACGIIMSIACSTADLMQDFKSAYLTLSSPRSMFIAQLIGIALGCVIAPLTLWLFWTAFDIGDPDGEYKAPFAIMFREMAILGIEGFSALPLHCLDICYAAFFLALAISLLKDVAPANVSRFIPIPIAMAAPFYVGAYFGVDMFIGTVILYVWQKLNREEADGYAVAVASGLICGDGIWSIPSAVLSILGVVPPICMSFKPSSAPRHAEWTSRGHLPCSEAHSTRQKGAETSSGRRWAAMEMLSMLKAGYTILRSETPATDLVNTFMDWAARRSLVLLAIFLPPYYIYKLTTSAFAAAVPEDVAGKVVLITGASSGIGEHLAYEYAKRGAYLALVARREASLREVGDVALGLGSPGVLVLPADVSKPQDCESFIDDTIRYYGRLDHLVNNASVWKVCKFEEIEDVSHFRALMDINFWGHVYPTRLAIPHLKRSHGRIVGVTSNSSYIFIGRNTFYNASKAAALNFYDTLRMELGGDIRITEVVPGVVESEITKGKMLTKEGEMKVDQDERDAILGPTPAEPVGDFARTVVRDVCRGARYVFEPRWYMGVYLLRACIPEVLAWNSRLLTVDRVGASTTDTLGKWLLDLPGVRRVAQPPSLRSPEIKEQ,0
LOC8070973,>XP_002446310.2,probable metal-nicotianamine transporter YSL5 isoform X3,[Sorghum bicolor],MTPAETSPPAPYPRASHSVSAPLLLQDPTTQATPPWREQLTLRGIAVAAALGALLCVVIHRLNLTVGVIPALNVASGLLAFFLAAAWRAAAGRLGFGRGTPFTRQENTVIQTCAIACAGLAFSGCSASYIFAMDRKTYELVGPDYPGNRAEDVRDPSLGWMISFLFLIALVGPFSIVLLRKVMVIDYKLTFPGGTATALMINSLHGKTEGDLAGKKVHCLVKYMGISFVWSFFKWFFSGVGDSCGFDNFPTFGIEAFKNTFYFDFSPSYVGFGLICPHIVNCSVFLGSVISWGFLWPFISAQAGHWYPDNLGNSDFRGLYGYKVFIGISIILGDGLYNLVKIFVVIAREFCSMQSKKRDLPVQALEAEDDGSCEQLAEEKLQTEVFLKDSISPWFAASGYIVLAAISTATVPTIFPQLKWYLVILCYFLAPAIAFCNSYGMGLTNLNLAPTYGKIGLFAFASLVGSDGGGVIAGLAACGIIMSIACSTADLMQDFKSAYLTLSSPRSMFIAQLIGIALGCVIAPLTLWLFWTAFDIGDPDGEYKAPFAIMFREMAILGIEGFSALPLHCLDICYAAFFLALAISLLKDVAPANVSRFIPIPIAMAAPFYVGAYFGVDMFIGTVILYVWQKLNREEADGYAVAVASGLICGDGIWSIPSAVLSILGVVPPICMSFKPSSAPRTPLHVPYSL,0
LOC8063874,>XP_021308778.1,sulfate transporter 4.1 chloroplastic isoform X1,[Sorghum bicolor],MERSSYASRSSSELAAAASGGGRTLRVIPMRHPLGSGSTSSSSSPWWRAAVGRARAMGPLEWAEAALPCVAWTRKYRWKEDLQADLAAGITVGVMLVPQAMSYAKLSGLHPIYGLYTGFVPLFVYAIFGSSRQLAVGPVALVSLLVSNVLGGIVNPSSELYTELAILLALMVGILECLMGLLRLGWLIRFISHSVISGFTTASAIVIGLSQIKYFLGYNVTRSSKIIPLIESIIAGADEFSWPPFVMGSTFLAILLIMKNRGKSNKRLRFLRASGPLTAVVLGTIFVKIFHPPAISVVGEIPQGLPKFSIPQGFEHLMSLVPTAALITGVAILYFTISFQESVGIAKALAAKNGYELDSNKELFGLGIANICGSFFSSYPATGSFSRSAVNHESGAKTGLSGIIMGIIIGSALLFMTPLFTDIPQCALAAIVISAVTGLVDYEEAIFLWSIDKKDFFLWAITFITTLVFGIEIGVLVGVAFSLAFVIHESANPHIAVLGRLPGTTVYRNTLQYPEAYTYNGIVVVRIDAPIYFANISYIKDRLREYELNLPSSNKGLDVGRVYFVILEMSPVTYIDSSAVQALKDLHQEYKARHIQIAIANPNQQVHLLLSRSGIIDLIGAGWCFVRVHDAVHVCLQHVQNSSSNALKLAVQASGELSDSVSTPKPEKQHRKYYGFFKNLWKARDYAHADGEVQPLLRQNLV,0
LOC8063874,>XP_002459897.2,sulfate transporter 4.1 chloroplastic isoform X2,[Sorghum bicolor],MERSSYASRSSSELAAAASGGGRTLRVIPMRHPLGSGSTSSSSSPWWRAAVGRARAMGPLEWAEAALPCVAWTRKYRWKEDLQADLAAGITVGVMLVPQAMSYAKLSGLHPIYGLYTGFVPLFVYAIFGSSRQLAVGPVALVSLLVSNVLGGIVNPSSELYTELAILLALMVGILECLMGLLRLGWLIRFISHSVISGFTTASAIVIGLSQIKYFLGYNVTRSSKIIPLIESIIAGADEFSWPPFVMGSTFLAILLIMKNRGKSNKRLRFLRASGPLTAVVLGTIFVKIFHPPAISVVGEIPQGLPKFSIPQGFEHLMSLVPTAALITGVAILESVGIAKALAAKNGYELDSNKELFGLGIANICGSFFSSYPATGSFSRSAVNHESGAKTGLSGIIMGIIIGSALLFMTPLFTDIPQCALAAIVISAVTGLVDYEEAIFLWSIDKKDFFLWAITFITTLVFGIEIGVLVGVAFSLAFVIHESANPHIAVLGRLPGTTVYRNTLQYPEAYTYNGIVVVRIDAPIYFANISYIKDRLREYELNLPSSNKGLDVGRVYFVILEMSPVTYIDSSAVQALKDLHQEYKARHIQIAIANPNQQVHLLLSRSGIIDLIGAGWCFVRVHDAVHVCLQHVQNSSSNALKLAVQASGELSDSVSTPKPEKQHRKYYGFFKNLWKARDYAHADGEVQPLLRQNLV,0
LOC8063874,>XP_021308779.1,sulfate transporter 4.1 chloroplastic isoform X3,[Sorghum bicolor],MERSSYASRSSSELAAAASGGGRTLRVIPMRHPLGSGSTSSSSSPWWRAAVGRARAMGPLEWAEAALPCVAWTRKYRWKEDLQADLAAGITVGVMLVPQAMSYAKLSGLHPIYGLYTGFVPLFVYAIFGSSRQLAVGPVALVSLLVSNVLGGIVNPSSELYTELAILLALMVGILECLMGLLRLGWLIRFISHSVISGFTTASAIVIGLSQIKYFLGYNVTRSSKIIPLIESIIAGADEGKSNKRLRFLRASGPLTAVVLGTIFVKIFHPPAISVVGEIPQGLPKFSIPQGFEHLMSLVPTAALITGVAILYFTISFQESVGIAKALAAKNGYELDSNKELFGLGIANICGSFFSSYPATGSFSRSAVNHESGAKTGLSGIIMGIIIGSALLFMTPLFTDIPQCALAAIVISAVTGLVDYEEAIFLWSIDKKDFFLWAITFITTLVFGIEIGVLVGVAFSLAFVIHESANPHIAVLGRLPGTTVYRNTLQYPEAYTYNGIVVVRIDAPIYFANISYIKDRLREYELNLPSSNKGLDVGRVYFVILEMSPVTYIDSSAVQALKDLHQEYKARHIQIAIANPNQQVHLLLSRSGIIDLIGAGWCFVRVHDAVHVCLQHVQNSSSNALKLAVQASGELSDSVSTPKPEKQHRKYYGFFKNLWKARDYAHADGEVQPLLRQNLV,0
LOC8063874,>XP_021308780.1,sulfate transporter 4.1 chloroplastic isoform X4,[Sorghum bicolor],MERSSYASRSSSELAAAASGGGRTLRVIPMRHPLGSGSTSSSSSPWWRAAVGRARAMGPLEWAEAALPCVAWTRKYRWKEDLQADLAAGITVGVMLVPQAMSYAKLSGLHPIYGLYTGFVPLFVYAIFGSSRQLAVGPVALVSLLVSNVLGGIVNPSSELYTELAILLALMVGILECLMGLLRLGWLIRFISHSVISGFTTASAIVIGLSQIKYFLGYNVTRSSKIIPLIESIIAGADEFSWPPFVMGSTFLAILLIMKNRGKSNKRLRFLRASGPLTAVVLGTIFVKIFHPPAISVVGEIPQGLPKFSIPQGFEHLMSLVPTAALITGVAILLFGLGIANICGSFFSSYPATGSFSRSAVNHESGAKTGLSGIIMGIIIGSALLFMTPLFTDIPQCALAAIVISAVTGLVDYEEAIFLWSIDKKDFFLWAITFITTLVFGIEIGVLVGVAFSLAFVIHESANPHIAVLGRLPGTTVYRNTLQYPEAYTYNGIVVVRIDAPIYFANISYIKDRLREYELNLPSSNKGLDVGRVYFVILEMSPVTYIDSSAVQALKDLHQEYKARHIQIAIANPNQQVHLLLSRSGIIDLIGAGWCFVRVHDAVHVCLQHVQNSSSNALKLAVQASGELSDSVSTPKPEKQHRKYYGFFKNLWKARDYAHADGEVQPLLRQNLV,0
LOC8063874,>XP_021308781.1,probable sulfate transporter 4.2 isoform X5,[Sorghum bicolor],MERSSYASRSSSELAAAASGGGRTLRVIPMRHPLGSGSTSSSSSPWWRAAVGRARAMGPLEWAEAALPCVAWTRKYRWKEDLQADLAAGITVGVMLVPQAMSYAKLSGLHPIYGLYTGFVPLFVYAIFGSSRQLAVGPVALVSLLVSNVLGGIVNPSSELYTELAILLALMVGILECLMGLLRLGWLIRFISHSVISGFTTASAIVIGLSQIKYFLGYNVTRSSKIIPLIESIIAGADEVGEIPQGLPKFSIPQGFEHLMSLVPTAALITGVAILYFTISFQESVGIAKALAAKNGYELDSNKELFGLGIANICGSFFSSYPATGSFSRSAVNHESGAKTGLSGIIMGIIIGSALLFMTPLFTDIPQCALAAIVISAVTGLVDYEEAIFLWSIDKKDFFLWAITFITTLVFGIEIGVLVGVAFSLAFVIHESANPHIAVLGRLPGTTVYRNTLQYPEAYTYNGIVVVRIDAPIYFANISYIKDRLREYELNLPSSNKGLDVGRVYFVILEMSPVTYIDSSAVQALKDLHQEYKARHIQIAIANPNQQVHLLLSRSGIIDLIGAGWCFVRVHDAVHVCLQHVQNSSSNALKLAVQASGELSDSVSTPKPEKQHRKYYGFFKNLWKARDYAHADGEVQPLLRQNLV,0
LOC8063874,>XP_021308782.1,sulfate transporter 4.1 chloroplastic isoform X6,[Sorghum bicolor],MERSSYASRSSSELAAAASGGGRTLRVIPMRHPLGSGSTSSSSSPWWRAAVGRARAMGPLEWAEAALPCVAWTRKYRWKEDLQADLAAGITVGVMLVPQAMSYAKLSGLHPIYGLYTGFVPLFVYAIFGSSRQLAVGPVALVSLLVSNVLGGIVNPSSELYTELAILLALMVGILECLMGLLRLGWLIRFISHSVISGFTTASAIVIGLSQIKYFLGYNVTRSSKIIPLIESIIAGADEFSWPPFVMGSTFLAILLIMKNRGKSNKRLRFLRASGPLTAVVLGTIFVKIFHPPAISVVGEIPQGLPKFSIPQGFEHLMSLVPTAALITGVAILYFTISFQESVGIAKALAAKNGYELDSNKECALAAIVISAVTGLVDYEEAIFLWSIDKKDFFLWAITFITTLVFGIEIGVLVGVAFSLAFVIHESANPHIAVLGRLPGTTVYRNTLQYPEAYTYNGIVVVRIDAPIYFANISYIKDRLREYELNLPSSNKGLDVGRVYFVILEMSPVTYIDSSAVQALKDLHQEYKARHIQIAIANPNQQVHLLLSRSGIIDLIGAGWCFVRVHDAVHVCLQHVQNSSSNALKLAVQASGELSDSVSTPKPEKQHRKYYGFFKNLWKARDYAHADGEVQPLLRQNLV,0
LOC8063874,>XP_021308783.1,probable sulfate transporter 4.2 isoform X7,[Sorghum bicolor],MERSSYASRSSSELAAAASGGGRTLRVIPMRHPLGSGSTSSSSSPWWRAAVGRARAMGPLEWAEAALPCVAWTRKYRWKEDLQADLAAGITVGVMLVPQAMSYAKLSGLHPIYGLYTGFVPLFVYAIFGSSRQLAVGPVALVSLLVSNVLGGIVNPSSELYTELAILLALMVGILECLMGLLRLGWLIRFISHSVISGFTTASAIVIGLSQIKYFLGYNVTRSSKIIPLIESIIAGADEVGEIPQGLPKFSIPQGFEHLMSLVPTAALITGVAILESVGIAKALAAKNGYELDSNKELFGLGIANICGSFFSSYPATGSFSRSAVNHESGAKTGLSGIIMGIIIGSALLFMTPLFTDIPQCALAAIVISAVTGLVDYEEAIFLWSIDKKDFFLWAITFITTLVFGIEIGVLVGVAFSLAFVIHESANPHIAVLGRLPGTTVYRNTLQYPEAYTYNGIVVVRIDAPIYFANISYIKDRLREYELNLPSSNKGLDVGRVYFVILEMSPVTYIDSSAVQALKDLHQEYKARHIQIAIANPNQQVHLLLSRSGIIDLIGAGWCFVRVHDAVHVCLQHVQNSSSNALKLAVQASGELSDSVSTPKPEKQHRKYYGFFKNLWKARDYAHADGEVQPLLRQNLV,0
LOC8063874,>XP_021308784.1,sulfate transporter 4.1 chloroplastic isoform X8,[Sorghum bicolor],MERSSYASRSSSELAAAASGGGRTLRVIPMRHPLGSGSTSSSSSPWWRAAVGRARAMGPLEWAEAALPCVAWTRKYRWKEDLQADLAAGITVGVMLVPQAMSYAKLSGLHPIYGLYTGFVPLFVYAIFGSSRQLAVGPVALVSLLVSNVLGGIVNPSSELYTELAILLALMVGILECLMGLLRLGWLIRFISHSVISGFTTASAIVIGLSQIKYFLGYNVTRSSKIIPLIESIIAGADEFSWPPFVMGSTFLAILLIMKNRGKSNKRLRFLRASGPLTAVVLGTIFVKIFHPPAISVLFGLGIANICGSFFSSYPATGSFSRSAVNHESGAKTGLSGIIMGIIIGSALLFMTPLFTDIPQCALAAIVISAVTGLVDYEEAIFLWSIDKKDFFLWAITFITTLVFGIEIGVLVGVAFSLAFVIHESANPHIAVLGRLPGTTVYRNTLQYPEAYTYNGIVVVRIDAPIYFANISYIKDRLREYELNLPSSNKGLDVGRVYFVILEMSPVTYIDSSAVQALKDLHQEYKARHIQIAIANPNQQVHLLLSRSGIIDLIGAGWCFVRVHDAVHVCLQHVQNSSSNALKLAVQASGELSDSVSTPKPEKQHRKYYGFFKNLWKARDYAHADGEVQPLLRQNLV,0
LOC8063874,>XP_021308785.1,sulfate transporter 4.1 chloroplastic isoform X9,[Sorghum bicolor],MERSSYASRSSSELAAAASGGGRTLRVIPMRHPLGSGSTSSSSSPWWRAAVGRARAMGPLEWAEAALPCVAWTRKYRWKEDLQADLAAGITVGVMLVPQAMSYAKLSGLHPIYGLYTGFVPLFVYAIFGSSRQLAVGPVALVSLLVSNVLGGIVNPSSELYTELAILLALMVGILECLMGLLRLGWLIRFISHSVISGFTTASAIVIGLSQIKYFLGYNVTRSSKIIPLIESIIAGADEFSWPPFVMGSTFLAILLIMKNRGKSNKRLRFLRASGPLTAVVLGTIFVKIFHPPAISVVGEIPQGLPKFSIPQGFEHLMSLVPTAALITGVAILESVGIAKALAAKNGYELDSNKECALAAIVISAVTGLVDYEEAIFLWSIDKKDFFLWAITFITTLVFGIEIGVLVGVAFSLAFVIHESANPHIAVLGRLPGTTVYRNTLQYPEAYTYNGIVVVRIDAPIYFANISYIKDRLREYELNLPSSNKGLDVGRVYFVILEMSPVTYIDSSAVQALKDLHQEYKARHIQIAIANPNQQVHLLLSRSGIIDLIGAGWCFVRVHDAVHVCLQHVQNSSSNALKLAVQASGELSDSVSTPKPEKQHRKYYGFFKNLWKARDYAHADGEVQPLLRQNLV,0
LOC8063874,>XP_021308786.1,sulfate transporter 4.1 chloroplastic isoform X10,[Sorghum bicolor],MERSSYASRSSSELAAAASGGGRTLRVIPMRHPLGSGSTSSSSSPWWRAAVGRARAMGPLEWAEAALPCVAWTRKYRWKEDLQADLAAGITVGVMLVPQAMSYAKLSGLHPIYGLYTGFVPLFVYAIFGSSRQLAVGPVALVSLLVSNVLGGIVNPSSELYTELAILLALMVGILECLMGLLRLGWLIRFISHSVISGFTTASAIVIGLSQIKYFLGYNVTRSSKIIPLIESIIAGADEGKSNKRLRFLRASGPLTAVVLGTIFVKIFHPPAISVLFGLGIANICGSFFSSYPATGSFSRSAVNHESGAKTGLSGIIMGIIIGSALLFMTPLFTDIPQCALAAIVISAVTGLVDYEEAIFLWSIDKKDFFLWAITFITTLVFGIEIGVLVGVAFSLAFVIHESANPHIAVLGRLPGTTVYRNTLQYPEAYTYNGIVVVRIDAPIYFANISYIKDRLREYELNLPSSNKGLDVGRVYFVILEMSPVTYIDSSAVQALKDLHQEYKARHIQIAIANPNQQVHLLLSRSGIIDLIGAGWCFVRVHDAVHVCLQHVQNSSSNALKLAVQASGELSDSVSTPKPEKQHRKYYGFFKNLWKARDYAHADGEVQPLLRQNLV,0
LOC8056963,>XP_021317241.1,metal transporter Nramp4 isoform X1,[Sorghum bicolor],MEEEAGRRMERGEGDQLRGATTGSRRVAAAVVGASGGEIEIQMEAATVGSGASAAAAAASTSSGQEGDAEDGLQQQTPTWKRFLAHAGPGFLISLAYLDPSNGELHLIVLRRKEVQTDLQAGSIHKYELLWVLFFGFFLVLVIQSLAVKLGIITGRNLAEMCMYEYPKYVKYGLWLLIEVGVIAATIPGVLGTALAYNILLNIPFLAGVLICGASTFLLLGLQTYGVRKMELIGVIFMLLITVCFFIELSSVNPPMGEVIEGLFIPRLRGVYAMSDAIALFSVLIVPHNLFLHSSLVVSRKISPSSKRFKDTSTFFLIENACAMLLVLLVNVAIVSTTGTICANTQLVDNIDACSSLTLKSTSILLKNMFGRSTSKIYGLALLASGQSNTVTTSYAGQYIMQGFSGMRKCIIFMIAPCFTVIPSLIICSVGGAPNIRQLINISAIILAFVLPFSLVPLLKFSSSCVVKVPYKNSNSIVKVAWILSVVIMGINIYFFCNSFISCLVHSELPRAVNAIISILVFPFMAAYIAALIYLAFRKVNAAGLFPSVPVSNGTEVEAWRQERIADDIGVR,0
LOC8056963,>XP_021317242.1,metal transporter Nramp4 isoform X2,[Sorghum bicolor],MEEEAGRRMERGEGDQLRGATTGSRRVAAAVVGASGGEIEIQMEAATVGSGASAAAAAASTSSGQEGDAEDGLQQTPTWKRFLAHAGPGFLISLAYLDPSNGELHLIVLRRKEVQTDLQAGSIHKYELLWVLFFGFFLVLVIQSLAVKLGIITGRNLAEMCMYEYPKYVKYGLWLLIEVGVIAATIPGVLGTALAYNILLNIPFLAGVLICGASTFLLLGLQTYGVRKMELIGVIFMLLITVCFFIELSSVNPPMGEVIEGLFIPRLRGVYAMSDAIALFSVLIVPHNLFLHSSLVVSRKISPSSKRFKDTSTFFLIENACAMLLVLLVNVAIVSTTGTICANTQLVDNIDACSSLTLKSTSILLKNMFGRSTSKIYGLALLASGQSNTVTTSYAGQYIMQGFSGMRKCIIFMIAPCFTVIPSLIICSVGGAPNIRQLINISAIILAFVLPFSLVPLLKFSSSCVVKVPYKNSNSIVKVAWILSVVIMGINIYFFCNSFISCLVHSELPRAVNAIISILVFPFMAAYIAALIYLAFRKVNAAGLFPSVPVSNGTEVEAWRQERIADDIGVR,0
LOC8056963,>XP_021317244.1,metal transporter Nramp4 isoform X3,[Sorghum bicolor],MEEEAGRRMERGEGDQLRGATTGSRRVAAAVVGASGGEIEIQMEAATVGSGASAAAAAASTSSGQEGDAEDGLQQQTPTWKRFLAHAGPGFLISLAYLDPSNVQTDLQAGSIHKYELLWVLFFGFFLVLVIQSLAVKLGIITGRNLAEMCMYEYPKYVKYGLWLLIEVGVIAATIPGVLGTALAYNILLNIPFLAGVLICGASTFLLLGLQTYGVRKMELIGVIFMLLITVCFFIELSSVNPPMGEVIEGLFIPRLRGVYAMSDAIALFSVLIVPHNLFLHSSLVVSRKISPSSKRFKDTSTFFLIENACAMLLVLLVNVAIVSTTGTICANTQLVDNIDACSSLTLKSTSILLKNMFGRSTSKIYGLALLASGQSNTVTTSYAGQYIMQGFSGMRKCIIFMIAPCFTVIPSLIICSVGGAPNIRQLINISAIILAFVLPFSLVPLLKFSSSCVVKVPYKNSNSIVKVAWILSVVIMGINIYFFCNSFISCLVHSELPRAVNAIISILVFPFMAAYIAALIYLAFRKVNAAGLFPSVPVSNGTEVEAWRQERIADDIGVR,0
LOC8056963,>XP_021317245.1,metal transporter Nramp4 isoform X4,[Sorghum bicolor],MEEEAGRRMERGEGDQLRGATTGSRRVAAAVVGASGGEIEIQMEAATVGSGASAAAAAASTSSGQEGDAEDGLQQTPTWKRFLAHAGPGFLISLAYLDPSNVQTDLQAGSIHKYELLWVLFFGFFLVLVIQSLAVKLGIITGRNLAEMCMYEYPKYVKYGLWLLIEVGVIAATIPGVLGTALAYNILLNIPFLAGVLICGASTFLLLGLQTYGVRKMELIGVIFMLLITVCFFIELSSVNPPMGEVIEGLFIPRLRGVYAMSDAIALFSVLIVPHNLFLHSSLVVSRKISPSSKRFKDTSTFFLIENACAMLLVLLVNVAIVSTTGTICANTQLVDNIDACSSLTLKSTSILLKNMFGRSTSKIYGLALLASGQSNTVTTSYAGQYIMQGFSGMRKCIIFMIAPCFTVIPSLIICSVGGAPNIRQLINISAIILAFVLPFSLVPLLKFSSSCVVKVPYKNSNSIVKVAWILSVVIMGINIYFFCNSFISCLVHSELPRAVNAIISILVFPFMAAYIAALIYLAFRKVNAAGLFPSVPVSNGTEVEAWRQERIADDIGVR,0
LOC8056963,>XP_021317246.1,metal transporter Nramp4 isoform X5,[Sorghum bicolor],MRKTASSRESSWKIVGHVLWRPLMEAPIETPTWKRFLAHAGPGFLISLAYLDPSNGELHLIVLRRKEVQTDLQAGSIHKYELLWVLFFGFFLVLVIQSLAVKLGIITGRNLAEMCMYEYPKYVKYGLWLLIEVGVIAATIPGVLGTALAYNILLNIPFLAGVLICGASTFLLLGLQTYGVRKMELIGVIFMLLITVCFFIELSSVNPPMGEVIEGLFIPRLRGVYAMSDAIALFSVLIVPHNLFLHSSLVVSRKISPSSKRFKDTSTFFLIENACAMLLVLLVNVAIVSTTGTICANTQLVDNIDACSSLTLKSTSILLKNMFGRSTSKIYGLALLASGQSNTVTTSYAGQYIMQGFSGMRKCIIFMIAPCFTVIPSLIICSVGGAPNIRQLINISAIILAFVLPFSLVPLLKFSSSCVVKVPYKNSNSIVKVAWILSVVIMGINIYFFCNSFISCLVHSELPRAVNAIISILVFPFMAAYIAALIYLAFRKVNAAGLFPSVPVSNGTEVEAWRQERIADDIGVR,0
LOC8056963,>XP_021317247.1,metal transporter Nramp4 isoform X6,[Sorghum bicolor],MRKTASSRLKDLCSSRPPSKTPTWKRFLAHAGPGFLISLAYLDPSNGELHLIVLRRKEVQTDLQAGSIHKYELLWVLFFGFFLVLVIQSLAVKLGIITGRNLAEMCMYEYPKYVKYGLWLLIEVGVIAATIPGVLGTALAYNILLNIPFLAGVLICGASTFLLLGLQTYGVRKMELIGVIFMLLITVCFFIELSSVNPPMGEVIEGLFIPRLRGVYAMSDAIALFSVLIVPHNLFLHSSLVVSRKISPSSKRFKDTSTFFLIENACAMLLVLLVNVAIVSTTGTICANTQLVDNIDACSSLTLKSTSILLKNMFGRSTSKIYGLALLASGQSNTVTTSYAGQYIMQGFSGMRKCIIFMIAPCFTVIPSLIICSVGGAPNIRQLINISAIILAFVLPFSLVPLLKFSSSCVVKVPYKNSNSIVKVAWILSVVIMGINIYFFCNSFISCLVHSELPRAVNAIISILVFPFMAAYIAALIYLAFRKVNAAGLFPSVPVSNGTEVEAWRQERIADDIGVR,0
LOC8056963,>XP_021317248.1,metal transporter Nramp4 isoform X7,[Sorghum bicolor],MRKTASSRESSWKIVGHVLWRPLMEAPIETPTWKRFLAHAGPGFLISLAYLDPSNVQTDLQAGSIHKYELLWVLFFGFFLVLVIQSLAVKLGIITGRNLAEMCMYEYPKYVKYGLWLLIEVGVIAATIPGVLGTALAYNILLNIPFLAGVLICGASTFLLLGLQTYGVRKMELIGVIFMLLITVCFFIELSSVNPPMGEVIEGLFIPRLRGVYAMSDAIALFSVLIVPHNLFLHSSLVVSRKISPSSKRFKDTSTFFLIENACAMLLVLLVNVAIVSTTGTICANTQLVDNIDACSSLTLKSTSILLKNMFGRSTSKIYGLALLASGQSNTVTTSYAGQYIMQGFSGMRKCIIFMIAPCFTVIPSLIICSVGGAPNIRQLINISAIILAFVLPFSLVPLLKFSSSCVVKVPYKNSNSIVKVAWILSVVIMGINIYFFCNSFISCLVHSELPRAVNAIISILVFPFMAAYIAALIYLAFRKVNAAGLFPSVPVSNGTEVEAWRQERIADDIGVR,0
LOC8056963,>XP_021317249.1,metal transporter Nramp4 isoform X8,[Sorghum bicolor],MRKTASSRLKDLCSSRPPSKTPTWKRFLAHAGPGFLISLAYLDPSNVQTDLQAGSIHKYELLWVLFFGFFLVLVIQSLAVKLGIITGRNLAEMCMYEYPKYVKYGLWLLIEVGVIAATIPGVLGTALAYNILLNIPFLAGVLICGASTFLLLGLQTYGVRKMELIGVIFMLLITVCFFIELSSVNPPMGEVIEGLFIPRLRGVYAMSDAIALFSVLIVPHNLFLHSSLVVSRKISPSSKRFKDTSTFFLIENACAMLLVLLVNVAIVSTTGTICANTQLVDNIDACSSLTLKSTSILLKNMFGRSTSKIYGLALLASGQSNTVTTSYAGQYIMQGFSGMRKCIIFMIAPCFTVIPSLIICSVGGAPNIRQLINISAIILAFVLPFSLVPLLKFSSSCVVKVPYKNSNSIVKVAWILSVVIMGINIYFFCNSFISCLVHSELPRAVNAIISILVFPFMAAYIAALIYLAFRKVNAAGLFPSVPVSNGTEVEAWRQERIADDIGVR,0
LOC8074936,>XP_021313090.1,nicotinamide adenine dinucleotide transporter 1 chloroplastic isoform X1,[Sorghum bicolor],MSEAGRRGAREKLREAACNAVAGGSAGVISATVLCPLDVIKTRLQVYGLPSNFSGAPPPGRVLISGFQQILKNEGLPGLYRGLSPTIVALFPTWAVTFSVYNHVKGVLHSKDGELSVQANVLAASCAGIATATATNPLWVVKTRLQVLYYTRDETWSGALPKHLICFATDCKRRRNPWIVQSAPDSFLHDDSGLLPSLVGVAHVAIQLPVYEKVKLYFARRDNTTVYNLSPTHVAICSSGSKVAASIITYPHEVVRSKLQEQGRDHHGATRYSGVADCIKQVYQKEGFPGFYRGCATNLLRTTPNAVITFTSYEMINRLMHQLLAP,0
LOC8074936,>XP_002457880.1,nicotinamide adenine dinucleotide transporter 2 mitochondrial isoform X2,[Sorghum bicolor],MSEAGRRGAREKLREAACNAVAGGSAGVISATVLCPLDVIKTRLQVYGLPSNFSGAPPPGRVLISGFQQILKNEGLPGLYRGLSPTIVALFPTWAVTFSVYNHVKGVLHSKDGELSVQANVLAASCAGIATATATNPLWVVKTRLQTQGMRPGVVPYQSILSALQRIAKEEGIRGLYSGLLPSLVGVAHVAIQLPVYEKVKLYFARRDNTTVYNLSPTHVAICSSGSKVAASIITYPHEVVRSKLQEQGRDHHGATRYSGVADCIKQVYQKEGFPGFYRGCATNLLRTTPNAVITFTSYEMINRLMHQLLAP,0
LOC8074936,>XP_021313092.1,nicotinamide adenine dinucleotide transporter 2 mitochondrial isoform X3,[Sorghum bicolor],MSEAGRRGAREKLREAACNAVAGGSAGVISATVLCPLDVIKTRLQVYGLPSNFSGAPPPDGELSVQANVLAASCAGIATATATNPLWVVKTRLQVLYYTRDETWSGALPKHLICFATDCKRRRNPWIVQSAPDSFLHDDSGLLPSLVGVAHVAIQLPVYEKVKLYFARRDNTTVYNLSPTHVAICSSGSKVAASIITYPHEVVRSKLQEQGRDHHGATRYSGVADCIKQVYQKEGFPGFYRGCATNLLRTTPNAVITFTSYEMINRLMHQLLAP,0
LOC8074936,>XP_021313093.1,nicotinamide adenine dinucleotide transporter 2 mitochondrial isoform X4,[Sorghum bicolor],MASLPTSLAHLRLILKNEGLPGLYRGLSPTIVALFPTWAVTFSVYNHVKGVLHSKDGELSVQANVLAASCAGIATATATNPLWVVKTRLQVLYYTRDETWSGALPKHLICFATDCKRRRNPWIVQSAPDSFLHDDSGLLPSLVGVAHVAIQLPVYEKVKLYFARRDNTTVYNLSPTHVAICSSGSKVAASIITYPHEVVRSKLQEQGRDHHGATRYSGVADCIKQVYQKEGFPGFYRGCATNLLRTTPNAVITFTSYEMINRLMHQLLAP,0
LOC8074936,>XP_021313094.1,nicotinamide adenine dinucleotide transporter 2 mitochondrial isoform X5,[Sorghum bicolor],MSEAGRRGAREKLREAACNAVAGGSAGVISATVLCPLDVIKTRLQVYGLPSNFSGAPPPDGELSVQANVLAASCAGIATATATNPLWVVKTRLQTQGMRPGVVPYQSILSALQRIAKEEGIRGLYSGLLPSLVGVAHVAIQLPVYEKVKLYFARRDNTTVYNLSPTHVAICSSGSKVAASIITYPHEVVRSKLQEQGRDHHGATRYSGVADCIKQVYQKEGFPGFYRGCATNLLRTTPNAVITFTSYEMINRLMHQLLAP,0
LOC110436394,>XP_021319113.1,probable metal-nicotianamine transporter YSL16,[Sorghum bicolor],MDQFHHDRAGALEIEKTTTPAAERAAAPDMESEPAAARVAERVPPWREQITARGMVAALLIGFVYTVIVMKLSLTTGLTPTMNVSAALLAFLALRGWTRALERLGIASRPFTRQENTVVQTTVVACYTIGFGGGFGSFLLGLNKKTYELSGVNTPGNVPGSYKEPAIGWMTGFLLAVSFVGLLTLLPLRKVLVIDYKLTYPSGTATAVLINGFHTPQGDKNAKNQVRGFLKYFGISFLWSFFQWFYTAGDNCGFAQFPTFGLQAFKQTFFFDFSLTYVGAGMICSHLVNLSLLFGAILSWGVMWPLISKQKGNWYTNASQSSMSGIYGYKAFLCIALLVGDGLYNFVKVIAITVKNIRERSRRENLNKVADADTMALDDMQRDEVFSRDNIPTWLSYTGYAALSVIAVIVIPIMFREVKWYYVILAYVLAPALGFCNAYGTGLTDMNMGYNYGKIALFVLAGWAGKDSGVVAGLVGCGLVKQLVLVSADLMHDFKTGHLTLTSPRSMLVGQAVGTLMGCVLAPLTFMLFYRAFDVGDPDGYWKAPYALIYRNMAILGVEGFSALPTHCLQLCAGFFAFAVLANLARDLLPRGVARFVPLPMAMAVPFLVGASFAIDMCVGSLVVFAWHKIDSKKAALLVPAVASGLICGDGIWTFPSSLLALAKIKPPICMKFTPGS,0
LOC8075152,>XP_021315728.1,iron-phytosiderophore transporter YSL15,[Sorghum bicolor],MARRQSPGGWGSPPLITPVHSSSCSSRSANMEINPADEIDKCEAGGGAEPQPADPEPEAASLELEQPQPWREQLTARGLVAAALIGSMYTVVVMKLNLTTGFVPTMNVSAALLAFLALRGWTGALARLGAAGAGRPFTRQENTVVTTCAVACYSLALCGFGSFILGLNKRTYEAAGVDTPGNVPGSVKEPGFGWITGFLVASSFGGLLTLIPLRKALVIDYKLTYPSGTATAVLINGFHTPQGDKNAEKQVRAFLKYFGISFFWSFFQWFYTGGNACGFAQFPTFGLKAWKQSFFFDFSMTYVGAGMICPHHVNLSTLLGAVLSWGILWPLIHNRKGDWYSADIPESSMTSLYGYKSFVCIALIMGDGIYHFVKVLGVTAKSLHEQSKLRRGSNRVADEGNAAAIDDLRRDEVFNRDSIPAWLAYAGYAVVSAVAVVAIPMMFRQVRWYYVVAAYALAPVLGFSNSYGAGLTDINMGFSYGQLALFVLAAWAGRDDGVVAGLVGCGLVKQLVLISADLMHDFKTAHLTLTSPRSMLAAQAVGAAIGCVVTPLTFLLFYRAFDVGNPNGYWKAPFALIYRNMALLGAQGFSALPTHCLPLSAGFFAFAVLANVVKDVLPPRYKRYVPLPTAMAVPFLVGASFAIDMCVGTLVVFAWQRVNGNDSTLLVPAVASGLICGDGVWTFPSSLLSLAKIKPPMCLKFTPGS,0
LOC8073705,>XP_021318991.1,CMP-sialic acid transporter 4,[Sorghum bicolor],MQRNGVLECSVCHSKVAVPSPRSVSRAYDKHRSKISSKYRALNVLLVSGDCILVGLQPILVFMSKVDGKFQFSPISVNFLTEVAKVIFAIVMLVIESRKQKVGEKPLLSLSTFVQAARNNVLLAVPALLYAINNYLKFIMQLYFNPSTVKMLSNLKVLVIAVLLKVIMRRKFSIIQWEALALLLIGISVNQLRSIPEGTNAFGLPVTAIAYAYTLIFVSVPSFASVYNEYALKSQFDTSIYLQNLFLYGYGAIFNFLGILGTVIFQGPESFDIFRGHSRATLFLICNNAAQGILSSFFFKYADTILKKYSSTVATIFTGLASAAFLGQPLTVNFLLGISIVFISMHQFFSPLAKVKDEKPAGTVELGDSQNHRSSESSFVNMTAGATDDARHLNATDERKPLLPI,0