Protein ID, Accession ID, Protein Name, Organism, Sequence
8085068,>XP_021312566.1,sugar transporter ERD6-like 5 isoform X1,[Sorghum bicolor],MEHEDQEAQKPLLVTAPGRSGDGCASGAASSSSSIAVVVASTAVAVAGSFEFGISVGYSSPSQPGIMRDLNLSLAEYSLFGSILTIGAMLGAIVSGTVADRVGRRSAMAISDLLCILGYLLITFSQNFWWLDIGRFSIGCGIGLLSYVVPVYISEITPKNLRGGFATVNQFMICCGASLAYVLGTFITWRTLAIIGVAPCLLQLVGLLVTPESPRWLARFGHPGAFEAALQKLRGKATDISDEATEIKDFTEKLQQLPESKMFDLFRKDYIRAVTVGVGLMVLQQFGGVNAICFYASEIFVSAGFSSGNTGMLAMVAVQIPMTGLGVLLMDKAGRRPLLMVSAAGTCLGCLLVGLSFLAKEHHWGKDLNLVLALAGILIFGGSFSLGMGGIPWVIMSEIFPINMKGAAGSLVTLVSWLGSWIVSYAFNFLLVWNSYGTFFIFASICGLTVVFVERLVPETKGRTLEEIQASMNSSLTPPFHL
8074669,>XP_002451582.1,sugar carrier protein C,[Sorghum bicolor],MAGAVIVHHHTRYKTYPGEVTGIVFFSCLIASFAGCIFGYDIGLTSGLTSSEPYMVKFFPSIYEEMKKQVVVNQYCKFDSQMLTLFCSSLFLSATVCAFFAGPMTRSFGRKWTLFSAASAYVAGACIGGVSVNFPMLLTGRILVGAGVGISIQAAPLYISEMAPAQQRGMLNILFQLMITIGILTANMTNYLGSKVPGGWGWRIAVAFGAIPAAVIALGALAIPDTPTSLIERGDTATARKTLLQIRGVGDVREEFDDLSTASEDAKAVECPWRELFFGGKYKPQLTFALLIPFFQQLTGINVIMFYAPVLFKTVGFKQNATLVSSVITGLVNVFSTFVSTVTADKVGRRALFLQGGTQMIISQILVGTFIGLQFGMSGTGDISEQYAMCIVLFVCVYVAGFAWSWGPMGWLIPSEIYPLAVRNAAMSITVAVNMFFTAFIGQIFLTLLCHLRFGLFYFFGAWVLLMTLFIAMLLPETKNVPIEEMAHVWKKHWFWRKFVIDTSNDARSAEMRKRIALEMS
8072459,>XP_002452442.1,nucleotide-sugar uncharacterized transporter 3,[Sorghum bicolor],MAKGGGERGALLPVSADDDGKGNGGGGGGDDAVLFKGSAMTRRGAAAALSYMACSVLLVMFNKAALSSYNFPCANVITLLQMVCSTCLLYVLRRLKIISFTNSDPSVPSDSLFFVPFRLLLRTTPLSLAYLLYMLASMESVRGVNVPMYTTLRRTTVVFTMTMEYFLAKQKHTPPIIGSVALIVFGAFVAGARDLSFDARGYAIVFVANITTAVYLATINRIGKSSGLNSFGLMWCNGLVCGPSVLFLTYIQGDLRRTVEFPYLYSPGFMVVLLFSCILAFLLNYTIFWNTILNSALTQSMCGNLKDFFTVGIGWVLFGGLPFDLLNVIGQGLGFLGSGLYAYCKIKGK
110431939,>XP_021307453.1,hexose carrier protein HEX6-like isoform X2,[Sorghum bicolor],MIPAVHWCLWCMCRSWSWISPRVLILLLYRSALHLPLTLRTHQAPADRAQRGVTSMESFLRKFFPDVYHQMKGDKDVSNYCRFDSELLTVFTSSLYVAGLVATLFASSVTRRFGRRTSILIGGTVFVLGSVFGGAAVNVYMLLLNRILLGIGLGFTNQSIPLYLSEMAPPQYRGAINNGFELCISIGILIANLINYGVEKIAGGWGWRLSLSLAAVPAAFLTVGAIFLPETPSFIIQRGGGGGDIDEARLLLQRLRGTTRVQKELDDLVSAASEASRTTATRRPFRNILRSKYRPQLVIALLVPFFNQVTGINVINFYAPVMFRTIGLKESASLMSAVVTRVCATAANVVAMVVVDRFGRRKLLLVGGVQMILSQVMVGAVLAAKFKDHGGMDKEYAYLVLVIMCVFVAGFAWSWGPLTYLVPTEICPLEIRSAGQSIVIAVIFFVTFLIGQTFLAMLCHLKFGTFFLFGGWVCVMTLFVYFFLPETKQLPMEQMEQVWRTHWFWKRIADADADAGEEEEQGQRRPRPRGEAAGTIALSAT
110431617,>XP_021306469.1,GDP-mannose transporter GONST3 isoform X2,[Sorghum bicolor],MSNLSDPSKEDTSPEGSGTTQRTGAWSNTLNTLLQQASVYGVAAGYCLSASLLSIINKWAIMKFPYPGALTALQYFTSVAGVLLCGQLKLIEHDGLNLRTMWKFLPAAVMFYISIFTNSELLLHANVDTFIVFRSAVPIFVAIGETLYLHQPWPSLKTWLSLSTILGGSVIYVFTDNQFTVTAYTWAVAYLASMSIDFVYIKHVVMTIGLNTWGLVLYNNLEALMLFPLELLIMGEFDQMKVDSSNVSNWLSFDVVLPVALSCLFGLSISFFGFSCRRAISATGFTVLGIVNKLLTVVINLLIWDKHASFVGTIGLLICMSGGVLYQQSTTKPKAPKAEPKEENDEEQQKLLQMQGVQESNSTQK
8082873,>XP_021318997.1,probable polyol transporter 4 isoform X1,[Sorghum bicolor],MESVKMRAAMATKREYRRMEVGEEGEELDEAEWAHRAEAQMQRRRRGQRYAFSCALFASLNAILLGYDVGVMSGAIIYMQKDLHITEFQQEILVGCLSVVSLLGSLSGGRTSDAIGRKWTMGLGAIVFQIGAAIMTFAPSFTVLMIGRLLAGVGIGFGAMVSGVYIAEISPAGARGTLTSLPEICINFGILLGYVSNYAFSGLSEHINWRIMLGVGILPSVFIGFALFVIPESPRWLMMEKRVSEARAVLLQISESEAEAEERLAEIEEAAGLMKSMKSEDKEVWRELLNPSPAVRRMLYAGCGIQLFQQITGIDATVYYSPTIFKDAGIKSDQELLAATVAVGFTKTVFILVAIFLIDRVGRKPLLYVSTIGMTICLFLLGVALTLQKHAVGLMSPRIGIDLAIFAVCGNVAFFSIGMGPICWVLSSEVFPLRLRAQGSALGQVGGRVSSGLVSMSFLSMARAISVAGMFFVFAAISTISVLFVYFCVPETKGKTLEQIEMMFESGDEWGGGEIELEDTQHLIPSNKKSVPLG
8069289,>XP_021317121.1,protein STRICTOSIDINE SYNTHASE-LIKE 10 isoform X2,[Sorghum bicolor],MNKMAVLVAAVVVAAAAALLSSHDDDSCRDVAVLEIGGGGDAAAGRRVELVPVDAAGPESLAFDGAGGGPYAGVSDGRVLRWVPGERRWEEHSSSCAPELLDSCRGSQDPGREHECGRPLGLKFNHATGELYVADAYHGLRVVSPDDGKVSRPVAPQWWRQGTGRPFSFANGVELDPETGAVYFTETSTRFQRREFLSIVISGDTTGRLLRYDPKSGEVEVLVDGLAFPNGLAMSRDGTHLLLAETTTGRILRYWLRPPAAKAAGAMEEVARLPWFPDNIRMSPRGGFWVGIHAKRGKIAEWCISYPWLRRVVLSLPPRHVQRASWLLNRLGRQVIAVRLSEEDGKVMEMISVHGDLQKVFRSVSEVEERNGSLWIGSVMSPFLGVYKL
8065469,>XP_002462177.1,GDP-fucose transporter 1,[Sorghum bicolor],MAKQYYATSSLVVGYALCSSLLSIINKYAVTKFGYPGLLTALQYLTSAGGVWILGKLGFLTHDPFNLETAKKFAPAALVFYLAIFTNTNLLRHANVDTFIVFRSLTPLLVAIADTTFRKQPCPSKFTFLSLVVILGGAVGYVMTDSAFSITAYSWALAYLVTITTEMVYIKHIVTNLGLNTWGFVLYNNFLSLMLAPIFWFLTGEHKSVFAAMESRGEGWFHLDAFVAVALSCVFGLLISFFGFAARRAVSATAFTVTGVVNKFLTVAINVMIWDKHATAYGLVCLLFTIVGGVLYQQSVTVKGNSAAQRELVPEQPKEGNDSKEFDEEKQSLVSSAK
8058076,>XP_002467490.1,hexose carrier protein HEX6 isoform X2,[Sorghum bicolor],MEIGPFVEGAPADGGEGYSGRVTPFVVLSCVVAGSGGVLFGYDLGISGGVTSMDSFLKRFFPKVYRQKQDSKVSHYCEFNSELLTVFTSSLYIAGLVATLAAASITRRYGRRTSMLIGGTVFIAGSVFGGAASNVPMLLVNRILLGIGLGFTNQSIPLYLSEMAPPRYRGAINNGFELCISLGILFANILNYFVIKIRAGWGWRISLSMAALPAAFLTISAIFLPETPSFIIQCDGNTDKARVLLQKLRGTTSVQKELDDLVCASNLSRATRYPFKTILKRKYRPQLVVARLISFFNQVTGINVMNFYAPVMFRTIGLKESASLLSSVVTRLCATFANIIAMMVVDRFGRRKLFLVGGVQMILSQFTVGAILAAKFKDYEEMDDAYAYLVLITMCVFVAGFAWSWGPLTFLVPAEVCPLEIRSAGQSIVVAVVFLMTFVIGQTFLEVLCRIKSMTFFVFGGWICLMTLFVYLFLPETKKLPMEQMEQVWKKHWFWKKVLGEEADKKEAEAEAGKRALSGL
8068520,>XP_002443719.2,GDP-mannose transporter GONST1 isoform X1,[Sorghum bicolor],MSSRVLQLDVPADSEASPRRNVPGSVSSPLMNGEKGLLRNQNAGFTALASPVRREIGNRSLTRSFCVDDNDLEDGKASKERESSAQSLKLPKIQNQAFLSGLAYCISSCSMILVNKFVLSGYGFNAPVFLMLYQNIVSVTIVSTLSLSGAVPTEPLTWNLIKVWLPVNIIFVGMLITSMFSLKYINVAMLTILKNVANVLTASGETYFFKKQHGTQVWIALLLMIISAVAGGITDLSFHAVGYIWQTLNCFLTASYSLTLRHVMDSAKQATKSGNLNELSMVLLNNVLSLPLGIILVLGLNEVEYLLETPLLKMPEFWLVITASGVLGLGISFTSMWFLHQTSATTYSLVGSLNKIPLSIAGIVLFNVRTSIQNSLSILFGLLAGVFFARAKLRDNSPT
8068335,>XP_002451174.1,polyol transporter 5,[Sorghum bicolor],MADETAAPLLHSTTLTADDASPRRNRFAFVCATLASMTTILMGYNLALMSGAQLFIRQDLGLSDVQIEVLTGSMNLFMLVSILAAGWVADLLGRRGTLVLANAFLMAGALAMSAGGSYAALVAARFVTSVGVGFARVVAPVYNAEISPASTRGVLSSLLDMFINVGILLSYVSNYAFAGLPVHIGWRVMFAVGALPPVFLAAGVLAMPESPRWLMMRGRYEDARTVLVRTSDTLAEADLRLQEIKQAVEAPRAAGSSGAGDGDGFAVWKEMLLRPTKSVRRILVCVIGVLFFQQASGIDAIVLYSPLVFQKSGMSSNSAILGATIAVGVVKTCFILVATLFSDRVGRRPLLLASAACSAVTLTCLGLTLCVGDTSTVSTAACVASVLAFVAAFSVGFGPLAPAYSSEIIPLRLRAQGTSLGTAVNRVTCALVTMTFISLADWITMPGCFFLYAGVAAAAFVFVYLQLPETSGRSLEDMDVLFAAK
8068937,>XP_021313906.1,sugar transporter LOC8068937 isoform X2 uncharacterized protein,[Sorghum bicolor],MQSSVMAFFPSVATAKLELNSLYRKYVDMFGISLNNSTVGCHLTRKMAHLPVLLIDRTFFSTGSAIQSIATSYGALIRRWLLNRTSVVQHTLISSAMNSLSWCGSLPFFVSIGVLITKLCDCTMTPNRFCGRQCILSHSANLRGESVLVMDNNELGNDQSFLSSFLGRKRDYVVLALQCICYPACLKVVDVPHKKLSFSRQWIRTGHDTSAIWRIMARNEQYLACMIVLAALQVFLRLTRVNVTILFLPMLSRAISSRSSPAVIGNIVLVLVNSCGVLGSALSVKQLGREVTFAISAIVMVICQVAIPLILEVQIGVGGGTRMPMGYTTAMFVLTCVVSCGLSWSWGSFFWTFPGRKVHSAGQVLAMAVNLGVCFAQMQYFLLVLCRLKNATLAYYALWIWS
8063191,>XP_002451174.1,polyol transporter 5,[Sorghum bicolor],MADETAAPLLHSTTLTADDASPRRNRFAFVCATLASMTTILMGYNLALMSGAQLFIRQDLGLSDVQIEVLTGSMNLFMLVSILAAGWVADLLGRRGTLVLANAFLMAGALAMSAGGSYAALVAARFVTSVGVGFARVVAPVYNAEISPASTRGVLSSLLDMFINVGILLSYVSNYAFAGLPVHIGWRVMFAVGALPPVFLAAGVLAMPESPRWLMMRGRYEDARTVLVRTSDTLAEADLRLQEIKQAVEAPRAAGSSGAGDGDGFAVWKEMLLRPTKSVRRILVCVIGVLFFQQASGIDAIVLYSPLVFQKSGMSSNSAILGATIAVGVVKTCFILVATLFSDRVGRRPLLLASAACSAVTLTCLGLTLCVGDTSTVSTAACVASVLAFVAAFSVGFGPLAPAYSSEIIPLRLRAQGTSLGTAVNRVTCALVTMTFISLADWITMPGCFFLYAGVAAAAFVFVYLQLPETSGRSLEDMDVLFAAK
8085086,>XP_002439742.1,mannosylglycoprotein endo-beta-mannosidase,[Sorghum bicolor],MAVAVGKRVLDTGWLAARSTEVALTGVQLTTTHPPAADPAPPAPWMSAAVPGTVLGTLLKNNLIPDPFYGLNNQAIVDIADAGRDYYTFWFFTTFQCAPSANQHVTLNFRGINYSAEVYLNGHEEVLPKGMFRRHTIDITDILHPDGNNQLAVLVHPPDHPGKIPPQGGQGGDHEIGKDVATQYVEGWDWMCPIRDRNTGIWDEVSISISGPVNIIDPHLVSTFHDDFKRSYLHCTLQLENKSSWIADCTLKIQVSTELEGNVCLVEHLQSYAITVPPQSDIEYTIPSLFFYKPNLWWPNGMGKQSLYNVEISVDVKGFGESDSWSHYFGFRKIESTIDDSTGGRIFKVNGEPIFIRGGNWILSDGLLRLTKKRYMTDIKFHADMNFNMLRCWGGGLAERPDFYHFCDVYGLMVWQEFWITGDVDGRGDPISNLNGPLDHDLFLLCARDTVKLLRNHASLALWVGGNEQVPPVDINKALKNDLKLHPMFVSYQTSKNEERYLSEESTDPSKYLDGTRVYVQGSMWDGFANGKGDWTDGPYEIQYPESFFKDSFYKYGFNPEVGSVGVPVAATIRATMPPVGWSIPIFKKRIDGYIEEVPNPIWDYHKYIPYSKPGKVHDQIELYGTPKDLDDFCEKAQLVNYVQYRALLEGWTSFMWTKFTGVLIWKTQNPWTGLRGQFYDHLQDQTAGFYGCRCASEPIHVQLNLVTFFVEVVNTTADELKDMAVEISVWDLDGACPYYKVTEKIVVPPKKVKQTIEMKYPKMKDAKPVYFLLLKLFRLSDNGIISRNFYWLHLPGQDYKLLGQYQQKKIPLKIYSDISVSGTMHKVRMTVENNSKKSVAESTRSLSAMDLGDVSGSHSTGKETTRKGNESDGLWRKISNGLGFARPSDNQRTLEVNGTDSGVAFFLHFSVHTSESSTAKEEYNDTRILPVHYSDNYFSLTPGEKMAIDISFEAPQGSNPKVVLRGWNHHLDHAVMI
8084436,>XP_002441413.1,UDP-glycosyltransferase 88F4,[Sorghum bicolor],MTGKKRTFVLYPSLGVGHLIPMVELAKHLLRHGHGALIAVVDPPDTDAVSAAAVARLAAANPAIAFRLLPAPASPDVVGVHPAKRDKDTLQLANPALRDLLRDSLPGAVDALLLDMFCVDALDVAAEVGVPAYFFFASAAGDLAVFLNLPYLYPTLPSSFREMGETLVRCPGMPTPIQALDMPWTVLDRESDGTKVRMYQWKRIAEARGVLVNSFDWLEPRALTALGDGVCVPGRPTPRVFCIGPLVNDGSTGQSGERHECLAWLDAQPKRSVVFLCFGSKGAFPAAQLQEIARGLESSGHRFLWVVRSPPEEEGQSPELDLGRLLPAGFLDRNRGRGMVVKNWVPQAQVVRHEAVGAFVTHCGWNSALEAIVSGLPMICWPLYAEQALNKVFMVEEMKIAVALGRYEEFVRAEEVEAKVRLVMEAEEGRILRERLAVAREKALEATRECGSSQVAFAEFLRDLDKSSSVNGECN
8081220,>XP_002463702.1,putative UDP-rhamnose:rhamnosyltransferase 1,[Sorghum bicolor],MNEAAATTKKLNLVLFPWLAFGHMIPYLELAKRLAARGHAVTFLSTPRNVARLPPVPADLSPRVHLVALPAPVVDGLPEGAESTADVPPEMNELIKKAVDGLAAPFAAFLADAVADDGGRRPDWIVMDFCHHWLPAIAEAHGVPCAAFLIVQPTAIAFLGPRWAQAAHPRTTLEDFAAPPRWCSSFPSAIAYRRHEAGWAVDAFRPNASGVSDIERMWQIIERTRFTIYRSCDEVEPGVFALLTDLFHKPAVPAGVLLQPDIADGNSSSRSAGARSEVLQWLDRQPPKSTIYVALGSEAPLTASNLHELALGLELAGVRFLWAFRKPSGMSAPTSSTDVAELLPAGFEGRTRGHALVWSGWVPQVAVLAHAAVGAFLTHCGWGSTIESLVFGRPLVMLPFVVDQGLIARTMAERGVGVEVARDEVDGSFGRDGVAAAVRSVMVEEQGEVFASNAERLERVLRDQRRQDQYMDELVGCLKRYKEDSC
8079784,>XP_021316607.1,uncharacterized protein LOC8079784 isoform X1,[Sorghum bicolor],MGVEKIDACPNHCILFRGDTFKDLDKCPRCGASRYKNNDLYSGGESCTGNKRNKKGAKKVVQESQPLEDTTLGNDAKKRKIPALVMWYLPVTDRLRRIFMNPKEAALMTWWDIERNVDDDVIAHPADASQCQDFDMNNPLFSSDPRNVRFALSTDGMNPFNERNSDHSTWPVILSMYNIPAWLCQKRKYLFLTVLVSGPRQPGFDMDVFLEPVMQEFEKLWRTGELMYDALRHETFTLRAIIIVTINDHPALFALSGQFKGKMGCLVCLDDTRWVFLDGSKKSVYIGNRRFLKEGHRYRSKLYLKYFDNIPEYVERPPERRHDGKYVYEMVKTIRIIYGKKKMDGTTRDRSTPPIEGVPFKKQSIFFQYLPYWPQLEVPHAIDSMHVQKNVFESLIATLMDTPKSKDGLKARRDMEQLKVMPELQPVRQDNGKYTLPAAAYNLDLEERRDLCNFMRQIKVSTGFSANPKKLVSMKDLSFHYCKAHDCHMMLTMYLPIAIRAIKPEFLKMAITRMCYFWSKIS
8079707,>XP_002466175.1,DIMBOA UDP-glucosyltransferase BX8,[Sorghum bicolor],MTPPPAPTMAAHSNTSHGGRRRHVLLFPLPYQGHINPMFRLAGLLHARGFAITVFHTHFNAPDPARHPDYRFVPVPDGSPVPVAIKDVVAQILELGVAFEATFRDRLASVLEEYSRDAVACLVADTHLLPIFEVAARLSVPTLALRTGSAACCACFLAYPMLFEKGYLPVQESQRDRPVVELPPYRVRDLLVIGEDDGGLVRELLSRAVTAVKTSSGLILNTFDALERRELEGLRRDLAAVPVFDVGPLHKLSPAGGDSSLLLPDRSCLEWLDAWPPESVLYVSFGSVACMSPQDLVETAWGIAGSGVPFLWVVRPGMISGSADDHRLPEGFEASTRERGKVVAWAPQEEVLRHRAVGGFWTHCGWNSTVESVCEGVPMLCRPYFGDQMGNARYVEHVWRVGLEVGGNLALARGQVEAAIGRLMTDEEGDKMRVRAGELKKAAGECTGEGGSSRPAIDKLVTHMLAL
8078774,>XP_002455067.1,"crocetin glucosyltransferase, chloroplastic",[Sorghum bicolor],MPAMVEEEVVIRGAAAAPEPEPHFLVVTFPAMGHINPARHLARRLLRATGARVTVSTSVFALRKMFPGAAAETEPEGHRDASGVWYVPYSDGYDDGFDKAVHDATHYMDQIKLEGSRTLGNVLDRLRDAGRPVTLVVYTLLLSWVADVARAHAVPAALYWIQPATVLAAYLHFFRATDGVDAAIAAAGGDPWATVRFPGLPPLRVRDLPSFIVSTSENDPYAFVVDAFRQLIELLDGEDSPSVLANTFDAMEPEGVASLRDHGVDVVPVGPVLSFLDDDDDDDAAAGGGNDLFSQDGKGYLDWLDAQAPGSVVYISFGSLSVMSERQIEEVARGMSESGRPFLWVLREDNRSSEGAAPLGGERGMVVGWCDQVRVLSHPAVGCFVTHCGWNSTLESMACGVPVVCVPQWTDQGTNAWLVERIGTGVRAAVSDKDGVLEADELRRCLDFATSEMVRAKAAVWREKARAAASEGGSSERNLKAFVAKQIAGGNN
8077286,>XP_002437988.1,UDP-galactose UDP-glucose transporter 7,[Sorghum bicolor],MGAEAGEPSSILSLAAAFSYGVASMAMVFVNKAVLMQYVHSMTLLTLQQIATALLIHFGQVLGMSKRKDFSLVTAKKLLPVSIFYNANVGFALASLKGVNIPMYIAIKRITPLAVLVAGCMRGKGKPPTQVILSVICTATGVLIAALGDFSFDLYGYCMALTSVFFQTMYLILVEKSGAEDGLSSVDLMFYNSILSLPFLFFLIIATGEFPHSLTVLSAKADSLTFSVILAISLVMGIVLNFTMFWCTIVNSALTTTIVGVLKGVGSTTLGFVLLGGVEVHALNITGLVINTFGGVWYSYAKYKQKKKTPRKIQHDVESHAHK
8076693,>XP_002443889.1,UDP-glycosyltransferase 83A1,[Sorghum bicolor],MVSPPHALVIPYPAQGHVIPLLELAHALVDRGFTVTFANSEFNHRRVVAAAAAAAAAATSESSPRIRLVAVPDGLEPGEDRNNLVRLTLLMAEHMAPRVEDLIRRSGEEDGDGGPITCVVADYNVGMWALDVARRTGVKSAAIWPASAAVLASLLSIDKLIQDNIIDPEDGSALSQGTFQLSPEMPVMYTAHLAWNCIGNHDGQEAMFRYLKAGVRAVDKCDFVLCNSFHSAEQGTFARFRQILPVGPFLTGEREEAAAVVGHFWRPEDDACMSWLDAQPARSVVYVAFGSFTMFDARQFRELALGLELSGRPFLWVVRPDIVLGGDVHDYPDGFLDRVGASGNGRGMVVAWSPQQRVLAHPSVACFVSHCGWNSTMEGVRNGLPFLAWPYFADQFVNQVYICDVWKVGLRAEADDSGVITKEHIAGRIEELMSDEGMRERVEAMKKVAHESINQGGSSHRNFDMFVDAIKA
8074561,>XP_002441484.1,cinnamate beta-D-glucosyltransferase,[Sorghum bicolor],MSSQPHVLLVSFPLQGHVNPLLRLGVSLAAKGLLVTFTTFRHAGLRALRDDGACVAVGAGRGRLRFDYLRDDDVSSRSPGPDDPSDMLRHVADVGPSALSGLLRRQADAGRPVACVVNNPFVPWALDVAAAAGIPCAMLWIQSCAVLSLYYHFYNFPEACFPSEADPGTPVAVPGLPTVAADELPLMVRPEYAKNLWGQMLRAQLGEIRKTVTWVLVNTFEGLERPVLEALRSHAPVTPVGPLLADHEGDGGDDDDGCMAWLDAQPPGSVVYVAFGSLVNIGRGEMLAVAEGLASTGRPFLWVVRDDSRRLLLPEDALAACGDRGRVVAWCPQGRVLGHGAVGCFVTHCGWNSVAEALAAGVPMVAYPWWSDQFTNAKLLVEEYRVGVRLPAPATPGALRACVDEVMGGPRAAAFRMRALAWKDEAADAVADGGSSDRNLLAFVEEIRRFHETRSEGSVINSIKHLNSIDVR
8078194,>XP_002458021.1,sugar transport protein 1,[Sorghum bicolor],MAGGSFTEKGKQYPGKMTVFVFLACLVASSGGLIFGYDIGISGGVTSMDPFLEQFFPSVYAKEQEVVETNQYCKFDSVLLTLFTSSHYLAALVASLFAGYITSRCGRRVSMLGGGVIFLVGAVLNGFAQNVAMLIIGRIFLGIGVGFSNQSVPLYLSEMAPAKMRGMLNISFQLMITIGILIANLINYFTAKIAGGWGWRIGLGLAAVPAVIMVGGSIFLPDTPNSLVARGKVESARAMLRRIRGTDDVSLEFDDLLAASEATKAIESPWRTLLQRRYRPQLVMAFLIPTLQQLTGINVVMFYAPVLFKTIGFGGTASLMSAVITGLVNMFATFVSIATVDRLGRRKLLLQGGIQMILAQFVLGTLIAVKFGTTGVAEISRSYAIGVVFCICVFVSAFAWSWGPLGWLVPSEIFPLEIRSAAQSAVVVFNMVFTFVIAQIFLMLLCRLKFGLFYFFGAWEIAMTLFVYFFLPETKGIPIEEMDRIWANHWYWNRFVDAGRKVQLTSTAV
8071495,>XP_002443589.1,protein STRICTOSIDINE SYNTHASE-LIKE 10,[Sorghum bicolor],MSRLLFYLLICLFCAGRRQIVGTAAAGTIHVRRRAFDFIPLPFGVTGAESLAFDRSGQGPYTGVSDGRVLRWDGSGRGWTTFAYSKNYAHNPFCRASTARPGDAEVVCGRPLGLQFDIRTGDLYIADAYHGLLRVGPAGGEAEVVAAQADGKAFNFLNGVDVDQSTGDVYFTDSSTSYTRLHGALIFLTHESSGRLMKYDARAKRVIVLKDGLPFPNGVALSADRTHLVVAHTWPCQLFRYWLEGTKAGTYELFADLPGYPDNIRRDNRVGYWVALNQKKLDGETMEHIVGVHLDVKGKQLEEMTAEDKRVTLSDIVEEDVKLWLGSVELDYIIVVDQTLDCY
8068428,>XP_002437798.1,hexose carrier protein HEX6,[Sorghum bicolor],MAVGIVAVEDGQDRRYGGRITAFVVLSCMTAGMGGVIFGYDIGVAGGVSSMEPFLRKFFPDVYRRMRGDTRVSNYCKFDSQLLTAFTSSLYVAGLLTTFLASRVTAGRGRKASMVLGGAAFLAGAAVGGASVNIYMVILGRVLLGVGLGFANQAVPLYLSEMAPARLRGAFSNGFQLSVGIGALAANVINFGTEKISGGWGWRVSLALAGVPAGLLTLGALFLPETPSSLVQQGKDRRDVARLLQKVRGAGVDVGDELDDIVAAAAAGEAAGAGGDGLRRLLVERRYRPQLVMAVAIPFFQQVTGINAIAFYAPVLLRTIGMGESASLLSSAMVTGVVGVASTFASMLAVDRFGRRTLFLAGGAQMLASQVLIGAIMAAELRDSGGGGVGKGWAGVLILLIAVYVAGFGWSWGPLGWLVPSEIFPLEVRAAGQSVTVAVSFAFTVFVAQAFLSMLCHMKAGIFFFFAAWLAVMTAFVYLLLPETKGVPIEQVGRVWRAHWFWSRVVGPGPDADEARAGGKL
8067459,>XP_002468294.1,UDP-glucose flavonoid 3-O-glucosyltransferase 7,[Sorghum bicolor],MRPSSSIASSRGTAAPRMYFIPFPTPGHALPMADLARLFASRGADATLVLTRANAARLGGPVARAAAAGLRIRIIALTLPAEAAGLTGGHESADDLPNRELAGPFAIAVDLLAPLFADLLRRQPADAVVFDGVLPWAATAASELGIPRYAFTGTGCFALSVQRALLLHSPQNGVASDTEPFLVPGLPDAVRLTRSRLAEATLPGADSREFLNRMFDAERATTGWVVNSFADLEQRYIEHYEKDTGKPVFAVGPVCLVNGNGDDTLERGRGGEAETAVEAARVLRWLDTKPARSVVYVCFGSLTRFPRDQVAELGMGLADSGANFVWVVGDKNAPPPLPDIDGAAPGRGLVVRGWAPQVAVLRHAAVGAFVTHCGWGAVTEAAAAGVPVLAWPVFAEQFYNEALVVGLAGTGVSMGAERGYVWGGEALGGVVVGREAVAERVRSAMAGEALRGRAREVGERARRAVEAGGSSYEAVGALLEDVLRRLNTYATARTPGRGGRGGMP
8066214,>XP_002452527.1,7-deoxyloganetin glucosyltransferase,[Sorghum bicolor],MSSGKAQQRPHAVLIPQPAQGHVTPMLHLAKALHARGFRVTYVNSEYNHRRLLRSRGQDSLAGTDGFRFEAVPDGLPQSDNDDVTQDIAALCLSTTEHSAAPFRDLLARLNATPGSPPVSCVIADGVMSFAQRVAEEMGILALVFWTTSACGFMGYLHFAELIRRAYVPLKDESDLSNGYLDTAIDWIPGMPGIRLKDIPSFIRTTDPDDVMLNFDGGEAQNARKARGVILNTYDALEQDVVDALRREFPRVYTVGPLATFANAAAGGGLDAIGGNLWKEDTSCLRWLDTQRPGSVVYVNFGSITVMTAAQLAEFAWGLASCGSPFLWVIRPDLVSGENAMLPEGFVTDTKERGILASWCPQELVLSHPSVGLFLTHCGWNSTLESICAGVPMLCWPFFAEQPTNCRYVCDKWGIGMEIDSDVRRQEVARLVREAMDGERGKAMRLKSMVWKEKARQAVDEGGSSRKNMDRMVEFLLAGNDVPS
8065948,>XP_002440798.1,hydroquinone glucosyltransferase,[Sorghum bicolor],MGELQERKPPASCTAARPRVLLLCSPCMGHLIPFAELARRLVADHGLAATLLFASATSAPSEQYLALAAAVPDAVDLVALPAPPPVAALPPSVPTRERVQLAVVSNVPRVREIARELGAAAPLVALVVDMVAVVARDVAEELGVPFYTFFTSPWMTLSLFLHLPEIDAACAGEHRDATEPIRLPGCVPIHAHDLPTSMLADRSSDTYAGFLSMAKDAARVDGILVNTFHELEPAVGDGLQLQLPVHPIGPLVWTRPVGVDNDHKCMSWLDQQPRGSVVYVSFGSGGTLTWQQTAELALGLELSQCRFIWVVKRPHQSSTVGAFFGTQKDDDEHIPLDFLPEGFMERTRGMGLVTQSWAPQTAILGHPSIGCFVTHCGWNSVLESVMNGVPMVAWPLYAEQNMNAAMMDVQIGVAVQAKVGVDRFIRKEEVANSIQRVMIGDEAERLRKRSSELRGQSAHALSKDGCSTRVLAQIANTWKCASRK
8062166,>XP_002458462.1,"anthocyanidin 5,3-O-glucosyltransferase",[Sorghum bicolor],MEKQMKTVVLYPSLGVGHLNPMVELGKVFLRSRLSVIIAVVDSPDAMGRLATANPDITFRHLPVPPTGKDKYSHPIMRTIDVLRVANPALRSFLRTLPAIDAVVVDMFCTDALDVAAELDIPAYFFFTSPLGHLAVNVHLPYNFPAVSLKDMPETMLHFPGVPPIRAMDMVTTVQDRESDITRARLRQCARMPEVRGFLVNSFDWLEARALKALRSGLCTPGRSTPPVYCIGPLVPPGNTGGSRERHACLEWLDTQPNRSVVLLSFGSMGIFSEPQLREMARGLESSGHRFLWVVRNPPEHQSSKSIEPDLEALLPDGFLERTREKGLVVKNWAPQMEVLRHDAVGAFITHCGWNSALEGIVSGVPMICWPLYSEQRMNKVHMVEEMKVGVAVQGYEKELVEADQVEAKVRLVMESDEGKKLRKRLAMAKKMAADALKEGGSSYMGLEKFLEGLKKSSPELKA
8062145,>XP_002456313.1,UDP-glycosyltransferase 88B1,[Sorghum bicolor],MAQKTVILYPSLGVGHLNPMVELAKVFLRRGLAVIIAVVDMPDKDSVSAEALDRLAAANPDIAFRLLPVPSCGTRPYSHPVMRAIDVLRVANPVLLGFLRALPAVDAIVLDMFCTDALDVAAELNTPAYFFFSSALADLAIMLHMPYYYPTAPSSFKDMPDTVLHFPGVPPIRALDMGATMQDRDSDVAKARLSQCARMLEARGILVNSFDWLEARALEALSRGLCTPGRSAPPVHCIGPLVLPGNRGGASERHACLEWLDAQPDQSVVFLSFGSLGTFSAPQLREIARGLESSGQRFLWVVRNPPEHRSNSGEPDLVLEPSLLPEGFLERTRERGFVVKNWAPQSEVLRHRSIGAFVTHCGWNSVLEGIASGVPMICWPLYAEQKMNKVHMVEEIKVGVVMEGYEEELVKAEEVEAKVRLVMSGDGEELRQRLLTAKEMTVEVLKEGGSSDVAFDKFLTDLMKNTCTENSAL
8058793,>XP_002467566.1,protein STRICTOSIDINE SYNTHASE-LIKE 4,[Sorghum bicolor],MAAGLGFLKAVALVLAPVVLAVVLYSPRDFSPAPMPPEYSYGPDVSAPRHERRALQRSERVGEGRLPGPEDLAFDAAGGWLYTGCADGWVRRVSVPGGDVEDWVRTGGRPLGLVLASDGALIVADANIGLLKVSPDPDRKVELLTDSAEGLKFALTDGVDVAGDGTIYFTDASYKYNLDNHMTDILEARPHGRLMSFDPSTRRTAVLARDLYFANGVSVSPDQSSLIYCETVMKRCSRYHIAGEKKGTIQKFIDNLPGFPDNIRYDGEGRYWIALSAGRTLQWDLLMKYPFIRKLVYLAEKFVAVPHALKNSGAMSVALDGKPVTMYSDQGLALATGWLKVGEHLYYGSLTESYLSKIDLTKSSVE
8058793,>XP_002460066.1,UDP-glycosyltransferase 82A1,[Sorghum bicolor],MAAELTQRCIVLVPFPAQGHVTPMLHLARAVVDRGHGNISATVAVPDFIHRRMGQFSAAEVALVSIPSGVADDGGDDEPPGSGSFLHAMEHYMPAQLEGMLLTARRGAEGARRVSCLLVVVDLLASWAIPVAARCSLPVVGFWVGMLATYRTVAVIPELIGKGIISESGNLLPADGTMKDHKNIGDLNILPAKLKLRFKDLPWLLDSTLPQKSRIDFWLQALDRAKCLPCILVNSIPNEGGNSSDDQHQYDLPQDQQMLQQVGPLLFNDDSSKKTTSMWLADNTCIDWLDKQSPGSVIYVSFGSWAAPIQPDKITGFARGLEASGRPFLWALKNHPSWRAGLPDNYEEKVSGRGKIVSWAPQEDVLKHRALGCYIMHCGWNSVLEAARQGVRMICYPVTADHFINCAYIVNMWEIGIELASSDQSDVKDCIERVMEGNEGKHLQQKVNELRETITVGEAMGVAKSNLNLFMDRINNI
8054575,>XP_021313836.1,glycerol kinase-like,[Sorghum bicolor],MWSKSIGCPLYNAIVWMDARTSSVCKRLQSELSGGRTHFVETCWLPISTYFSALKLLCLMENVDAVKDAVQTGLQCEMTTEMEGSRHKHATWALQSSSSKVDKDLTVQGG
8069681,>XP_002443949.1,sugar transport protein 12,[Sorghum bicolor],MAGGVVVNAAGGKTYPGHMTAFVFFTCLVASSGGLIFGYDIGISGGVTSMDSFLKEFFPSVYAKAEANKDTNQYCKFDSQLLTLFTSSLYLAALATSFVAASVTRVFGRKWSMFCGGLTFMAGSAMNGAATDVMMLIMGRILLGVGVGFANQSVPLYLSEMAPAKLRGMLNIGFQLMTTIGILAANLINFWTVKIEGGWGWRIGLGLAGVPALIITVGALVLPDTPNSLIARGYNDDAKKVLVKIRGTDDVHDEYDDMVAASEEASAIEHPWRNILERRYRPQLTVAALIPCFQQLTGINVIMFYAPVLFLTIGFGDDASLMAAVITGLVNMFATMVSIVCVDRLGRRALFLQGGTQMFVSQIVVGTMIAAQFGTAGVGTMSRNNAWLLVLFICLYVAGFAWSWGPLGWLVPSEVFALEVRSAGQSIAVCVNMTLTFIIGQSFLTMLCTLKFGLFYFFAGWMFVMTAFIALFLPETKGVPIEEMNHVWSRHWFWSKYVTVDSRQHDGGGGGGGSRRSNGGV
110432996,>XP_021310106.1,sugar transporter major facilitator superfamily domain-containing protein 12-like isoform X1,[Sorghum bicolor],MRDSESSDDAQLDEPLGRVAILSYGSGHMLNDITSSCWFTYLLVFLTDLGLSPGDAATVMLSGQLADGFTTIFVGELMDRFGHFKLWHAGGSILVAISFSSVFGSCVPCKLMGTNSSTLETVGYSTFAAIFNVGWAVTQVAHMSMVNCMSSNPTSRVSLVSCRNAFTMVANLSLYGIALLIFTLLQSVNVLVQYRWIAYVSISLGCCFVVIFLVGTKEPGSIRHCMDKSLSRISWAYWFKKVLYYQVALVYTLTRLVTNVSQAFLAFYVINDLEMDQYSKALVPAIIYICSLIVSVILQETRWSSWRLKLYFSAGAVLWILSGLGIVFLPSRMHNLMYAISTIIGAANALMTVTSISMEGVLVGEDLNGCAFVYGSLSFVDKVSCGVALYVLESYQGSTKIRSNLGTVFGYSVTRLGLGLVPAVCSLLSAIVAYTMDLPDTRRRPLVEPLLA
8075480,>XP_002457997.2,sugar transporter probable anion transporter 4 chloroplastic,[Sorghum bicolor],MPGCVVAGRGGVGVSSAARPTPPQGKSRPCLLSMPIARGYGRQHEFKYCTSPQSKSVLLGARFGRHVTRSAAYLLQNSRSTTTARLQKSQFLQPVLDSSRNYLTRTFYNASLKRRVLSRVECFLSSDPINNGWLKPRRSENFTSLESACVQPEYKLPVRKRADCKAEQYEITGSPLSSSNVPADVPWWQEFPRRWTIVLLCFFAFLLCNMDRVNMSIAILPMSSEFSWNPATVGLIQSSFFWGYLLTQILGGIWADRFGGKVVLGFGVVWWSLATVLTPLAAKIGLPCLLTVRAFMGIGEGVAMPAMNNILSKWIPVSERSRSLALVYSGMYLGSVTGLGFSPLLISRFGWPSVFYAFGSLGTVWFALWQSKAHSSPDDDPEISKAEKRHILGGSPLKEPVTSIPWRLILSKAPVWALIISHFCHNWGTFILLTWMPTYYNQVLKFNLTESGLLCVLPWLTMAVFANIGGWIADTLVQRGVSVTNVRKIMQSIGFLGPALFLTLLSKVRTPAMAVLCMACSQGSDAFSQSGLYSNHQDIGPRYAGVLLGLSNTAGVLAGVFGTAATGYILQKGSWDSVFKVSVVLYIVGTVVWNVFATGEKVLE
8075273,>XP_021318138.1,sugar transporter pentatricopeptide repeat-containing protein At4g13650,[Sorghum bicolor],MTRREVAASVHRSLARFFVHDGPEKFHSLVAAKASHHRALGSADLVCALQACRGRGNRWPLVLEIHAASVVRGLGADRVIGNLLIDLYAKNGLVWQARQVFEELSSRDHVSWVAMLSGYAQNGLGKEAFRLYSQMHWSAVVPTPYVMSSVLSACTKGKLFSQGRMIHAQVYKQAFCSETFVGNALIALYLGYGSFKLAERVFCDMLFCDRVTFNTLISGHAQCGHGERALQIFDEMQLSGLRPDCVTVASMLAACADVGDLQKGKQLHSYLLKAGMSFDYITEGSLLDLYVKCGDIETAHDIFNLGDRTNVVLWNLMLVAYGQVSDLAKSFEIFCQMQATGIRPNQFTYPCILRTCTCSGQIELGEQIHSLSIKNGFESDMYVSGVLIDMYSKYGRLDKARKLLEMLDKKDVVSWTSMIAGYVQHDFCEEALATFKEMQNYGVWPDNVGLASAASACAGIKAMRQGLQIHARVYVSGYAADISIWNTLVNLYARCGRSEEAFSLFRAIEHKDEITWNGLISGFGQSRLYEQALMVFMQMDQAGAKYNVFTFVSSISALANLADIKQGKQVHGRAVKTGHTSETEVANALISLYGKCGSIEDAKMIFSEMSLRNEVSWNTIITSCSQHGRGLEALDLFDQMKQEGLKPNDVTFIGVLAACSHVGLVEEGLSYFKSMSNVYGLNPTPDHYACVVDILGRAGQLDRARRFVDEMPITADAMVWRTLLSACKVHKNIEIGELAAKHLLELEPHDSASYVLLSNAYAVTGKWANRDQVRKMMKDRGIRKEPGRSWIEAKNAVHAFFVGDRLHPLSDQIYKFLSELNDRLAKIGYKQEKPNLFHEKEQEQKDPTAFVHSEKLAVAFGLMTLPPCIPLRVIKNLRVCDDCHSWMKFTSEVTRREIVLRDVYRFHHFNSGSCSCGDYW
8074191,>XP_021309842.1,sugar transporter probable anion transporter 5 chloroplastic,[Sorghum bicolor],MTASALQAERHLLLLGSGRHRPLLRMLPPRPRVPLPHRRRSWPRAVRVSPGDGGGAGGFASAVEKRSIPGIVGEEEHGATGEEELEGEVAGALELKWPPWEGLAERYKLIGATSLAFVICNMDKVNLSIAIIPMSHQYGWNSSTAGLVQSSFFWGYALSQLPGGWLAKLFGGRKVLEVGVVTWSLATAIVPVVAGFMPGLVLSRILVGIGEGVSPSAATDLIARSIPLQERSRAVAVVFGGLSFGSVLGLLFAPPIIQNLGWESVFYIFGLLGIVWCLGFESLKVQRFGDKEGILNLGQSSTGSDGLISSAMSSESSHSSLEDLQNSLKDVPWGAFFKSKAVWAMIYAHFCGSWGHYTCLSWLPTFFSEELNLNLTEAAWVSVLPPLGSMIITSIAAPFADNLISNGVDTTKVRKICQTIAFVSPATFMMLSSVDLGLPPWEIVAFLTSGLALSSFALSGLYCTHQDISREYASILLGITNTVGAVPGIVGIALTGFLLDSTHSWSISLFVPSIFFYLTGTAVWLAFASSEPQDFSKSEPES
8062518,>XP_021302851.1,sugar transporter probable anion transporter 7 isoform X1,[Sorghum bicolor],MVRMRFPKRYLIVLLTFVCTNVCYIERVGFSIAYTVAADAIGVNQANKGMILSMFYYGYVLSQIPGGWAAQRIGGRRVLLLSFVLWSMICGLIPLDPNRVTILVLSRLFVGVAQGFIFPAIHTVLAQWVPPQERSRSVSLTTSGMYLGAACGMLFFPSLVKHTGPQSVFFVEAVLGVAWSVIWFRFSSDPPRTDLPKVSMPKVASRDMIKAQAGGVVAPRTVKIPWRRIIFSLPVWAIVVNNFTFHYALYVLMNWLPTYFELGLKLSLQDMGSSKMLPYFNMFIFSNIGGVIADHLITRRILSVTKTRKLLNTIGFIVSAFALMALPLFSTPSGTVMCSAISLGFLALGRAGFAVNHMDVAPKFAGIVMGVSNTAGTLAGIVGVGLTGNILEAAKASNKDLTDSETWKTVFFVPAYLCIFSSVIFLIFSTGEKIFE
8057327,>XP_002459746.2,sugar transporter uncharacterized protein LOC8057327,[Sorghum bicolor],MVSALTPSAKPLPHHRHPAKRGLLEFRRDCSRAVTSRVRITMLISQQNPRGAGDGDGAGTPLYLGIDFGTSGARYALIDKEGAIHSEGKRAYPVPVGDAAAAATDWASSWRAALFQLLADIPPVHRPSISSISIDGTSATTLIVDSDTGELLAGPFLYNESFPDALPAVESIAPANHTVCSASSTLCKLVSWWTSTTTGGSRPAAAVLMHQSDWLLWLLHGQFSVSDYNNALKVGYDPELHAYPSWLTSQPYSRMLPASVRAPGTPIAALKDDVCSQYGFSKNCVVCTGTTDSIAAFLAARSSEPGRAVTSLGSTLAIKLVSQVRVDDARFGVYSHRLDDTYWLVGGASNTGGAVLRQLFTDDQLVALSDHIDPAVPSTLDYYPLPAKGERFPVSDPDMTPRLQPRPVSDAEYLHGILESIARIEAKGYNLLKELGATAVEEVFTAGGGAQNDKWTAIRERVLGVPVRKAQQTEAAYGAALLALKGASSLIS
8063812,>XP_002438933.1,sugar transporter protein STAR1,[Sorghum bicolor],MGSASSDDLREHLLDVDGGAAAAAAEPKIRVRGLRRRAESADAATGEEILRGVHLDVPRGVVMGVIGPSGSGKSTLLRALNRLWEPAPGAVLLDGADICAIDVLTLRRKVGMLFQTPAMFDGTVADNVRYGPQLRGKKLTEAEVKNLLSLADLDPALCSKPASELSVGQAQRVALARTLANDPEVLLLDEPTSALDPISTQNIEEAIVRLKKTRGLTTVIVSHSVKQIQRIADLVCLVVAGEIVEVLAPSELSDAKHPMARRFLELSS
8073409,>XP_002447945.1,sugar transporter sugar transport protein 5 isoform X1,[Sorghum bicolor],MPGGAFLLNSGGGMADSGGGLTVPVVVTCLMAASGGLIFGYDIGISGGVSEMEAFLKKFFPGLLKSTARGGNKDVYCIYNNQALTAFTSSLYAFGMVGTLLASRVTRRLGRQAVMLIGGSLFLAGALVNAAAANLAMLIVGRMLLGLGLGFSGQATPVYLAEVSPPRWRGGFISAFPLFISIGYLVANLINYGTSRIPDWGWRLSLGLAAVPAAVMVAGAAFIPDTPSSLVLRGKHDDARAALQRVRGKGVDIGAEFADILAAAESDRRNEEGAFRRILRREYRPYLVMAVAFPVFLNLTGVAVTAFFSPILFRTVGFESDAALMGAVILGLMNIGGILASGFAMDRYGRKLLFVIGGALMFTCQVAMASIIGSQLGNGSKMPKGYAVTVLVVTLVFSASFSWSWGALYWTIPGEIYPVEVRSAGQGAAVALNLGLNFLQAQFFLAMLCCFKYGTFLFYASWLVVMTAFAVAFVPETKGVPLESMAHVFARHWYWGRFVKDHQKFGEEST
8082608,>XP_021311836.1,sugar transporter sugar transporter ERD6-like 16 isoform X1,[Sorghum bicolor],MGIVRAADDVEAGVVGAATTTTTTEPLLLRHCGKEDHDKIRGSPEEAAASDCGSEEGRPDAAGSLRMVLLSTAVAVCGSFEFGTCVGYSAPTQSGIVDEVGLSISEFAIFGSILTVGAMVGAVTSGRLADFLGRKMTMRISATICIFGWLSIHLAKSAIMLYFGRILLGFSTGVLSYVVPVFIAEIAPKNLRGGLATSNQLLICSGSSATYIIGALVAWRNLVLVGLLPCVLLLAGLYFIPESPRWLANVGREKEFHTSLQKLRGQDADVSEEAIEIKEYIESLRSFPKARLQDLFLSKNIYAVIVGVGLMVFQQLGGINGVGFYASYIFSSAGMQMSLILCCPFVTVLYEYVASIITSGFSGKLGTILIGIIQIPITLFGAILMDRSGRRVLLMVSASGTFLGCFLTGVSFYLKAQGLFPEWVPTLALSGILVYIGAYSIGMGPVPWVVMSEIFSINMKAIGGSLVTLVSWLGSFAISYSFSFLMDWSSAGTFFMFSAASLVTVFFVAKLVPETKGRTLEEIQDSLNTRR
8074610,>XP_002440269.1,sugar transporter sugar transporter ERD6-like 4,[Sorghum bicolor],MGGGGSNRGGAGEESGSDHDGGLRKPLLHTGSWYRMSSRQSSVAPGASSMAVLRESHVSAFLCTLIVALGPIQFGFTSGFSSPTQDTMVRDLNLSISEFSAFGSLSNVGAMVGAIASGQMAEHIGRKGLLMIAAIPNIIGWLAISFAKDASFLYMGRLLEGFGVGIISYTVPVYIAEISPQNMRGALGSVNQLSVTFGIFLAYLLGMFVPWRLLAVIGALPCTVLIPGLFFIPESPRWLAKMNLMEDCETSLQVLRGFETDITTEVNDIKRAVTSSSKRTTISFQELNQKKYRTPLLLGIGLLVLQNLSGINGVLFYASNIFKAAGVTNSNLATCSLGAIQVLATGVTTWLLDRAGRRMLLIISTSGMTLCLLAVSVVFFVKDKTSQDSNSYYILTMISLVSIVAFVITFSFGMGAIPWLMMSEILPVSIKSLGGSIATLANWLTSFAITMTTNLMLTWSVGGTFLSYMVVSAFTLVFVVLWVPETKGRTLEEIQFSFR
8-56880,>XP_002465636.1,sugar transport protein 13,[Sorghum bicolor],MPAGGFSVSAPSGVEFEAKITPIVIISCIMAATGGLMFGYDVGISGGVTSMDDFLGKFFPAVLRKKQEDKESNYCKYDNQGLQLFTSSLYLAGLTATFFASYTTRRLGRRLTMLVAGVFFIVGVIFNGAAQNLAMLIVGRILLGCGVGFANQAVPLFLSEIAPTRIRGGLNILFQLNVTIGILFANLVNYGTSKIHPWGWRLSLSLAGIPAVLLTLGALFVTDTPNSLIERGRLDEGKAVLKKIRGTDNVEPEFNEIVEASRVAQEVKHPFRNLLQRRNRPQLVIAVLLQIFQQFTGINAIMFYAPVLFNTLGFKSDASLYSAVITGAVNVLSTLVSVYSVDRVGRRMLLLEAGVQMFLSQVAIAVVLGIKVTDHSDNLGHGWAIMVVVMVCTFVSSFAWSWGPLGWLIPSETFPLETRSAGQSVTVCVNLLFTFVIAQAFLSMLCHLKYAIFVFFSAWVLVMSFFVLFFLPETKNVPIEEMTERVWKQHWFWKRYMDDDNHHIVNGKITANNGASV
8066545,>XP_002441609.1,sugar transporter bidirectional sugar transporter SWEET5,[Sorghum bicolor],MVNLDEVRNVVGIIGNFISFGLFLAPLPTFLTIIKKRDVEEFVPDPYLATFLNCALWVFYGLPVVHPDSILVATINGTGLAIEAAYLSVFFAFAPKPKRAKMLGVLAVEVAFVAAVVAGVVLGAHTHEKRSLVVGCLCVLFGTLMYASPLTVMKKVIATQSVEYMPFTLSFVSFLNGICWTTYALIRFDIFITIPNGMGTLLGLMQLILYFYYYGSTPKSSGTTAGMELPVKAGDGDSN
8057457,>XP_002446593.1,sugar transport protein sugar transport protein 5,[Sorghum bicolor],MAGGAFAVADGGACVDYGGRVTFSVVVTCLMAASGGLIFGYDIGISGGVTAMESFLSRFFPGVLRRMAAARRDEYCVYDSHVLTAFTSSLYLAGLAASLVASRVTRAIGRQAVMLAGGALFFAGAAVNAAAVNVAMLIVGRMLLGFGIGFTNQAAPVYLAETAPPKWRGAFTTGFQLFLSIGNLAANLVNYGTSRIPTWGWRLSLGLAAAPAAVIVAGALLILDTPSSLLVRGRPLEEARAALRRVRGGKADVDAELEDVARAVDAARGHEEGAFRRILAREHRHHLAMAVAVPLFQQLTGVIVIAFFSPVLFQTAGFGSDAALMGAVILGAVNLGSTLLSTVTVDRYGRRPLLLTGGFVMIICQVAVAWIMGSQIGGNGESAMARPYSLAVLALTCVFSAAFGWSWGPLAWVIPGEIFPVEIRSAGQGISVAVNLGATFLLTQTFLSMLCTLKYATFIYYAAWVAVMTAFVVAFLPETKGVPLEAMGAIWEGHWYWRRFVQPAAAKTTAEDP
8065140,>XP_021310912.1,sugar transporter sugar carrier protein C,[Sorghum bicolor],MAAPAVVGAGAGQGKEYPGGLTLYVLLTCAVAATGGLIVGYDIGISGGVTSMDAFLHKFFPSVYRKEQTALGGSSSQYCKFDSQLLTAFTSSLYLAALVASFFVASVARSLGRKWSMFGGGVSFLAGAALNAAALDVAMLIVGRILLGIGVGFAALVSSCLIQTQSCLPTPTHCIVYLQSIPIYLSEMAPHRLRGTLNNGFQLMITVGIFSANLVNYGAAKIQGGWGWRLSLGLAAVPAAVITVGSLFLPDTPSSLIRRGYHEQARRVLSRVRGADVDVADEYGDLVAASGAVVVRRPPWVDILGRRHYRPQLTVAVLVPFFQQFTGINVIMFYAPVLFKTIGLGGDASLMSAVIIGLVNIVATFVSIATVDKLGRRKLFFQGGCQMLVCQVVIGTLIGVEFGATGDGATIPKNSAATVVAFICIYVAGFAWSWGPLAILVPSEIFPLEIRPAGQGVSVAVSMLCSFAVAQAFLPMLCHLRFGLFYFFAGWVLVMTLFVVVFLPETKGVPVEKMGTVWRTHWFWGRFVADCMDGRDDENCDSAFHKGNDDIAVREP
8063617,>XP_021304080.1,sugar transporter sugar transporter ERD6-like 4,[Sorghum bicolor],MANNRASGDGGGGGAGYESGSDHDDALQKPLLRNSGCGYRIGMGSRQSCLNGAGTSIAVLRESHVPALLCTFIVALGPLQLGFTNGYSSPTQDGVVRDLNLSISEFSVFGSLPNVGAMVGAIASGQMAKYIGRRGSLMIAAIPNIMGWLAISLAKDTSFLYMGRLLEGFGVGVMSYVVPVYVAEISPQNMRGALGAVTTLSVTFGVMLAYVLGLFFPWRLLALIGTLPCLLLIPGLFFIPESPRWLARMNRMDECETSLQVLRGFDADITAEVNDIKIAAASANKSGTIHFQELNQKKYRTPLILGIGLLALQQLSGINGIIFYSGSIFKAAGLKNSNLDTCVLGAIGVVATGVTITFLDRAGRRILLIISSSGMTLSLLAVAVVFYIQDNISNDSDLYNILSMVSLVGVVACAIAYCFGMAAIPWIIMSEILPVSIKSVAGSFATLANWLTSFGVTMTANLLLSWSAAGTFASYMIVSAFTVMFVILCVPETKGRTLEEIQWSFQ
8083653,>XP_002467883.1,sugar transporter bidirectional sugar transporter SWEET16,[Sorghum bicolor],MTTPSFLVGIAGNVISILVFASPIATFRRIVRNKSTGDFTWLPYVTTLLSTSLWTFYGLLKPKGLLVVTVNGAGAALEAVYVTLYLVYAPRETKAKMGKLVLAVNVGFLAVVVAVALLALHGGARLDAVGLLCAAITIGMYAAPLGSMRTVVKTRSVEYMPFSLSFFLFLNGGVWSVYSLLVRDYFIGVPNAVGFVLGTAQLVLYLAFRNKAAERKDDDDEKEAAAAAPSSGDEEEGLAHLMGPPQVEMEMTAQQRGRLRLHKGQSLPKPPTGGPLSSSSSSSPHHGFGSIIKSLSATPVELHSVLYQHGLGRGRFEPVKKDDVDATNH
8082659,>XP_002465280.1,sugar transporter bidirectional sugar transporter SWEET12,[Sorghum bicolor],MITVGHPVVFAVGILGNILSFLVTLAPVPTFYRVYKKKSTESFQSVPYVVALLSAMLWLYYALLSIDVLLLSINTIACVVESVYLAIYLTYAPKPAMAFTLKLLFTMNMGLFGAMVAFLQFYVDGQRRVSIAGGVGAAFALAVFVAPLTIIRQVIRTKSVEYMPFWLSFFLTISAVVWFFYGLLMKDFFVAMPNVLGLLFGLAQMALYFVYRNRNPKQNGAVSEMQQQAAVVQADADAKKEQQLRQAHADAGADGEAVAVRIDDEEEPKNVVVDIMPPPPPLLPAERASPPLPLPPPPAMVMMTAHQTAVEVV
8082221,>XP_002455919.1,sugar transporter bidirectional sugar transporter SWEET6a,[Sorghum bicolor],MISPDAARNVVGIIGNVISFGLFLSPAPTFWRIYKARDVEEFKPDPYLATLLNCALWVFYGIPVVHPNSILVVTINGIGLVIEGIYLTIFFIYADAKKRKKAFAILFVEILFMVAVVLGVILGAHTHEKRSMIVGILCVIFGSVMYASPLTIMGKVIKTKSVEYMPFLLSLVNFLNGCCWTAYALIRFDLYVTIPNALGAFFGLIQLILYFWYYKSTPKKEKNVELPTVSRNVGGGNVTVSVER
8081671,>XP_002453768.1,sugar transporter bidirectional sugar transporter SWEET4,[Sorghum bicolor],MISPDTIRTAIGVIGNGTALVLFLSPVPTFIRIWKKGSVEQYSPIPYVATLLNCMMWVLYGLPAVHPHSMLVITINGTGMAIQLTYVTLFLLFSAGAVRRKVVLLLAAEVAFVGAVAALVLSLAHTHDRRSMVVGILCVLFGTGMYAAPLSVMKMVIQTKSVEYMPLFLSLASLVNGICWTAYALIRFDLYITIPNGLGVLFAVAQLVLYAIYYKSTQEIVEARKRKAEQVAMTEVVIDGGKTNNHASGY
8077128,>XP_002441124.1,sugar transporter bidirectional sugar transporter SWEET1b,[Sorghum bicolor],MEDVVKFIFGICGNVIALFLFLSPVPTFWRIIRRRSTEDFSGVPYNMTLLNCLLSAWYGLPFVSPNNILVSTINGAGAAIEAVYVVIFLVFASSQRTRLRMLGLASAVAAVFAAVALVSMLALHQGQGRKLMCGLAATVCSICMYASPLSIMRLVVKTKSVEYMPFLLSLAVFLCGTSWFVYGLLGRDPFVAIPNGCGSFLGAVQLVLYAIYRNSAGTAGAGKQQAGDDVEMAADAKSSKKVADDVGGAGKEGRLV
8061265,>XP_002442119.1,sugar transporter bidirectional sugar transporter SWEET13,[Sorghum bicolor],MAGLSLQHPWAFAFGLLGNVISFLTFLAPIPTFYRIYKSKSTEGFQSVPYVVALFSAMLWIFYALIKSNETFLITINAAGCVIETIYIVMYFVYAPKKAKLFTAKIMLLLNVGVFGVILLVTLLLFKGDKRVVMLGWICVGFSVSVFVAPLSIMRRVIQTKSVEYMPFSLSLSLTLSAVVWFLYGLLIKDKYVALPNILGFTFGVVQMVLYVLYMNKTPVAVAEGKDAGVKLPSAADEHVLVNITKLSPALPDRSSGVHRATQMAAVPASSCAAEAAAPAMLPNRDVVDVFVSRQSPAVHVV
8078419,>XP_002461666.1,sugar transport protein 8,[Sorghum bicolor],MAGGFAVSKSGADRRDFKGKITWYVWICGIIAATSGLMFGYDIGISGGVTAMDDFLLLFFPSVYARKHRARENNYCKFDDQRLQLFTSSLYLAALVASFAASRACTRFGRKRTMQAASVFFLAGTALCAFATNLAMLIVGRVCLGVGVGFGNQAAPLFLSEIAPAHIRGALNILFQLNVTVGILLASIVNYFASRVHPLGWRYALGGAAVPAAGLFLGSLVITETPTSLVERGRDDAGRRTLEKIRGTADVDAEFDEIRAACDLARALSEEEKPYRRLMRPESRPPLVIAVAMQVFQQFTGINAIMFYAPVLFQTMGLGTDSSLLSAVVTGGVNVVSTVVSILLVDKVGRRKLLLEACVQMLVAQTAVGGIMVVHVRADNEPSRSWAVAIVVLICVYVSSFAWSWGPLGWLIPSETFPLETRTAGFSFAVSSNMLFTFLIAQAFLSMMCSMRAFIFFFFAVWIVAMAAFVLALLPETKGVPIDEMVDRVWRRHWFWKRCFANADEARVNDNC
8076746,>XP_002450487.1,sugar transporter probable magnesium transporter NIPA4 isoform X1,[Sorghum bicolor],MAAPASAAAGRGGGMSSDNAKGLVLAVSSSAFIGASFIVKKMGLRRAADSGVRAGYGGFSYLVEPLWWIGMISMIVGEIANFAAYAFAPAILVTPLGALSIIISAALAHAILQEKLHTFGILGCVLCVVGSITIVLHAPQERDIDSVKEVWDLATEPAFLCYAAIVVAAALVLIYFVVPHHGQTNIMVYIGVCSLLGSLTVMSVRALGIALKLTFSGTNQLFYPQTWAFALIVATCVSTQINYLNKALDTFNTAVVSPIYYVMFTSLTIIASVIMFKDWDHQNPTQIVTEMCGFMTILSGTFLLHKTKDMTDSPGQCLSTRRPKHASQSAFAIEVMPLKCQDSVDDETLTLSLPKVENGYLKEEQFLRYKDSSIV
8060587,>XP_002445790.1,GDP-fucose transporter 1,[Sorghum bicolor],MAKQAYATSSLVVGYALCSSLLAIINKYAITKFSYPGLLTALQYLTSVVGVWVLGKLGFLCHDAFNLKTAKKFAPAAAVFYLAIFTNTHLLKHANVDTFIVFRSLTPLLVAIADTTFRKQPCPSKLTFLSLVIILGGAVGYVMTDSAFTLTAYSWALAYLITITTEMVYIKHMVTNLGLTTWGFVLYNNLLSLLMAPVFGFLTGEHLSVFRAIESRGQSWFELDSFVAVALSCVFGLLISFFGFAARKAISATAFTVTGVVNKFLTVAINVMIWDKHASTFGLVCLLFTLAGGVLYQQSVATKGNSSAQREAAAKQGRGDDDAVELDEESQRLVSSPKVV
8055864,>XP_002460443.1,tonoplast dicarboxylate transporter,[Sorghum bicolor],MDPRHGGYWESSSEDVTRPLLPTHDEDRPTTTGELSSWSGLRTLLASKYLAVASGPAACALICALVDLGGHPAARNMLGVLAWVFLWWITDAVPLAVASMAPLFLFPAFGISSSDAVAKAYMDDVISLVLGSFILALAIEHYSIHRRLALNITALFCGDPVKPHLLLLGICGTTAFISMWIHNTPCTVMMMPVATGILQRLPRGELEGGSSSDARVVQRFSKAVVLGVVYASAVGGMATLTGTGVNIILVGMWSTYFPEQDPITFSSWMAFGLPMALILFVALWATLCLMYCSKNTGSALSAYLDRSHLRRELSLLGPMAFAEKMVLAVFGGLIVLWMTRSLTDDIPGWGVLFDGKVGDGTVTIMMATLLFIIPSGKNDGEKLMDWGKCRKLQWNIILLLGAGFAIADGFKASGLTDILSEALGFLRGAPVLAVAPVACVFSGVITEFTSDDATTTLVLPLLAELGKSIGVHPLLLMVPGAVGAQLSYLLPTGSPGNVVGFSTGYITIRDMVVTGTPLKIVGVAALTILLPTLGSLVFGMA
8076596,>XP_002445077.1,WAT1-related protein At5g47470,[Sorghum bicolor],MDRSRTRRMLCCGDGVSSMSMSCSDVVTICGLFAVQCIYGLYMMFLSALLAAGVPSLFIIVVACAASSVVVLPFALALERKKWPKVWSPMLVVQLIIISLGGVSIYQVIMMLGVARTSPAIASAMPNLCPGFIFVIAACLRFERFDWKCKYTRAKILGTLVCLSGAMCVSFLKNPTPSISPKSLPSDDEELSNGKARHDWILGCFCLLTGVIIFACNTVLQAAALKRFPAPLSICSITAMMGSIFSAIVQVLMEGKLTAGTANNLTRIIGEIVLVGGVVIGLCTAFQVSSIGRKGPVLVSMFNPFQTVFSAFISFIFFGQWIGLGCFVGIVLMFVGLYVVLWAKNREDNMFADLAAPSPSETGCDIESSLLQ
8061626,>XP_021305158.1,uncharacterized vacuolar membrane protein YML018C isoform X1,[Sorghum bicolor],MGSSSHHDAISASAGSLECADGSRSGISKWTKITSTNSWRWCLGLIYIVAVAGIWIAASYIVQSVVDAGVSPFLITYICNSLFVVYIPIVEAARYFEDSIGDFWTKLKFKDAESLQSGGQQSSDLESVNLLQSGGHEINVASDQSQTRPSEDTSVPDTSFPAQMEVSVVACSKGLDAKGRWTRARVAKVSMLISPFWFLAQLTFNLSLRYTTVTSNTILSSTSSLFTFLVALVFLGETFTWLKLISVLLCMGGTIIVSLADSSSSANAIATNPLLGDFLSIVSAGLYAVYITLIRKKLPDEKEGQGQVSMAQFLGFLGLFNMLFFLPVALVLNFAKLEPFHKLTWEQVGLVVGKGLIDNVLSDYLWAKAILLTTTTVATAGLTIQVPIAAIVDTLTGHAPHLLDYIGAAAVLVGFAGINIPVGESPQVVQQEQETPIVSMVDDPVHLPSSTNATDVVS
8076505,>XP_002447365.1,WAT1-related protein At1g68170,[Sorghum bicolor],MAACAGAGPVLGMVVFQILFAGLNIFYKLAVSDGMDLRVLIAYRYLFASAFLAPLAYFLERKTRTKLTWRVLMLSFVCGLSGGTVAQNLYIAGMKLTSATFASATTNLLPAWTFVIALVFRYERLDIRAFSSQAKVTGTLLSIGGAMLLTLYKGVDITPWHSHLNLVATLAQRHGGQVGASAMASKTNYGMGSLMCVSSCFFYALWIVVQAKLSNEYPFHYSSTALMCIMISLQSAVFAICFDRDASQWRLKFNIRLLSCAYSGIFASGIALVIMAWCVKQRGPLFVSVFSPLMLLMVAVLSSLLLGEKLHLGTALGAVLIVMGLYAVLWGKGREAAAEAAKVRVSDHPAATTEVKDNKQHVSVVVPPPAANSV
8070757,>XP_002436678.1,WAT1-related protein At1g44800,[Sorghum bicolor],MGVGKLMNDVKPYLAMVLLQVGFSGMYIVSVASLKRGMNHFVLVVYRNLVATVVMAPFALIFERGVRPKMTPLIFLKIMGLAVLEPVLDQNMYYLGAKLTSATFGSALVNILPAITFLLALVMRMEKLRLRSLHSQAKVVGTVCTVAGAVLMILYHGPVVPFPWSAAGHHHASAAAAAAASQSSASWLYGTVMIIGSCLCWSGFFILQSNTLQSYPAELTLATLICFLGSVLTGGVALVAERHDMSAWVIGFDTRLFTAVYSGIVCSGVAFYVQGIVTQARGPVFVTAFQPLCMIITTVLGSTILKEETTLGSVIGAVIIVVGLYCLIWGKSKDHLGSNGKPGAAAVAGELPLTSAPTANNGSYGKHAALGGGHHVVTGVETTPPPPPCVPKCVH
8067292,>XP_002440425.1,WAT1-related protein At5g64700,[Sorghum bicolor],MGMESKKPYVIAIVVQLIYTGMFVVSKAAFNHGMNTYVFIFYRQAAASLLLLPIALVLERKNVTTLSPWLLLKLFFLALIGITFSLNLYNVSLKFTSATVASAATNAMPVVTFCFALLLKMEAVKLRSSSGLAKLAGVSLCLAGVFTIAFYVGPALSPVNRHRAFAASASPAPSGGRTTWIKGTFLIVLANMAWSLWIVLQGRLLKEYPNKMLVTVTQCVFSAVQSFVVAIVAERDFSRWHLRLDVSLLAVLYTGFVVTGVTYYLQAWCVEMKGPVFFAVWTPLCFIFTIFSSSFFLGEIVHLGSIVGGILLVGGLYSVLWGKSKETKVACGKVNSAADDVDEENNNHHKPQEKVETTSASIVDHV
8067103,>XP_002467019.1,"WAT1-related protein At3g02690, chloroplastic",[Sorghum bicolor],MLAAARPASAHLLLLVPLPSPPRLSRPAPTRRLYALAPARRPAAVRARRESSPPAAPAPADSLDCVGTGSDVECLIDAGAKDAASPLLPARSPAAPGASKDDGKKSEGDAAAVSASLLWEWASLVSPFFFWGTAMVAMKGVIPRTGPFFVAALRLLPAGALLVAFAAARGRKQPAGWEAWLAIAAFGLIDAACFQGFLAEGLQKTSAGLGSVIIDSQPLTVAILASLLFGESIGAVGVGGLVLGVVGLLLLEVPALSIEGNDTTIWGSGEWLMFLSAQSMAVGTIMVRWVSKYSDPIMATGWHMIIGGLPLLVISVLNHDPALSGHIQDLTLSDILALGYTSIFGSAVSYGVYFYNATRGSLTTLSSLTFLTPMFASVFGYLYLGETFSPVQLGGALLTLVAIYMVNYKSIIGEK
8066512,>XP_002453161.1,protein WALLS ARE THIN 1,[Sorghum bicolor],MGDVVRGLHGGGGAGVPAPAKSPERARLHVAMLALQFGYAGFHVVSRLALNMGVSKLVFPVYRNLIALCLLAPFAYFLEKKDRPAMTPAFLLQFFLLALCGITANQGFYLLGLDNTSPTFASAIQNSVPAITFAMAAALGIERVRLRRRDGLAKVAGTMLCVAGATVITLFKGPAVFGPATAAVVTTVTAAGTTGGNKSWALGCVYLMGHCLSWSGWLVLQAPVLKRYPARLSVTSYTCFFGLLQFLAVAAVVERDAAAWTLTSGSELLTILYAGLVASGVAFAVQTWCIDRGGPVFVAVYQPVQTLLVAVMASLLLGEQFYLGGVMGAVLIIAGLYLVLWGKSEERALAAKLAAAGVGDDEPDAAAASCLKQPLLPSPATLESAV
8060249,>XP_002460212.1,sugar transport protein 7,[Sorghum bicolor],MAGGGMAALGVKTERAAQYKGRMTLAVAMTCLVAAVGGAIFGYDIGISGGVTSMDPFLEKFFPVVFHRKNSGGKNNYCKYDNQGLAAFTSSLYLAGLVASLVASPVTRNYGRKASIVCGGVSFLIGAALNVAAVNLAMLILGRIMLGVGIGFGNQAVPLYLSEMAPAHLRGGLNMMFQLATTLGIFTANLINYGTQNIKPWGWRLSLGLAAAPALLMTLAGLFLPETPNSLIERGRVEEGRRVLERIRGTADVDAEFTDMVEASELANTIEHPFRNILEPRNRPQLVMAVCMPAFQILTGINSILFYAPVLFQSMGFGSNASLYSSVLTGAVLFSSTLISIGTVDRLGRRKLLISGGIQMIVCQVIVAVILGAKFGADKQLSRSYSIAVVVVICLFVLAFGWSWGPLGWTVPSEIFPLETRSAGQSITVAVNLLFTFAIAQAFLSLLCAFKFGIFLFFAGWITVMTVFVCVFLPETKGVPIEEMVLLWRKHWFWKKVMPADMPLEDGWGAAPATNNHK
8057807,>XP_002445672.1,protein WALLS ARE THIN 1,[Sorghum bicolor],MADAGEGRRVCGMPEKAQLHVAMLALQFGYAGFHVVSRLALNMGISKLVFPVYRNIIALCLLVPFAYFLEKKDRPQLTLNFVIQFFLLALCGITANQGFYLLGLDNTSPTFASAIQNSVPAITFAMAAALRIEKVRLDRRDGVAKVAGTLACVAGASVITLYKGPTIFGPSGGGGGGDKLQLQQVAVAVAAGEKNWTLGCVYLIGHCLSWSGWLVLQAPVLKKYPARLSVTSYTCFFGVIQFLVIAAFMERDADAWKFHSGSELFTILYAGFIASGVAFAVQIWCIDRGGPVFVAVYQPVQTLVVAIMASLTLGEKFYLGGIIGAVLIIAGLYLVLWGKSEERARIARDAAAALVVSGAGDREGLLAAGGGGGGGIRSKAAASAAVTQPLLLPSSTSTDNV
8068479,>XP_002448633.1,uncharacterized vacuolar membrane protein YML018C,[Sorghum bicolor],MGSGLKYRAGLCLIVAVVLIWVLSAEVTQGIFTKYKHPFAITYLGASLMVIYLPLSFLKDFIYNSMRRHSGNTSALKIASKSSFGGSAPLKNGEFQKVLEMESQKTIVINCTDVSIPVVEETKPLIYGITEMNDGAFKDKQLSTKEIATYGLYLCPLWFVTEYLSNAALARTSVASTTVLSSTSGLFTLFIGVLLGQDSINAAKVIAVFISMAGVVMTTMGQTWASDESEVGKSGATQRTLLGDMFGLMSAIAYGLFTVLLKKFCGEEGEKVDVQKLFGYLGLFTLVALWWIVWPLTALGIEPKFSMPHSAKVDEVVVANSLIGSVLSDYFWALSVVWTTPLVATLGMSLTIPLAMVADMIIHGRHYSAVYILGSVQVFSGFVIANLADRFSRSLGLL
8063402,>XP_002466595.2,uncharacterized protein LOC8063402,[Sorghum bicolor],MKPPVVFCPLVATDKLFAITTNATNGFRHFDDPGLVPASFISSYHLFTPPVQRTPLIPVAATPAHSIVVAAAGGGGGAQDSSGLGMASSLAPASWVLLLQTGGAGAAAAGPSSCRLMLAVAEPRCRWAASPRRARVLVAPRCAALDWPGGSGEEEAKIEDERKKKPARGRPVWRRILFASKKTRSIIILNALTVIYASDIPVLKEVEALTEPAVFNMVRFVVAAIPFVPFAVRAFGDRRVRYAGLELGVWVSLGYLSQAIGLLSSDAGRASFITAITVIVVPLIDGLLGASIPKLTWFGAIMSLFGIGLLECGGSPPCVGDILNFFSAVFFGIHMLRTEQISRSTDKKKFLALLSFEVLVVAFSSVLWCMFKDGYVDTSESSFDSWTFGMLWDTAASFPWIPALYTGVLSTVLCMWAELVAMGDVSATETAIVYGLEPVWGAAFAWFLLGERWDNTTCIGAALVLCGSLTVQLFGSAPKKYKKVKKRSSNALETPVKQQDYLSLSPIPVDSGKFIGRQLERRNKTL
8061542,>XP_021305932.1,uncharacterized protein LOC8061542,[Sorghum bicolor],MFLPKHPSSSRPWRPSLQPGAHLIRPRPRIPATTSSGRRHLLRPSAAASSGSPSRDSPLPVPPAKRSSKNKAPDEIGRSKAVRPGMRESAGPETETEDPSPQRTALWSARRRARAAWRKVASWVPSKARSLVLLNLVTLIFASNISVVKQAEALLDPDLFNMLRFTIAAIPFVPLLLKSLRDMQILFRGIELGIWVSLAYLAQAMGLVTADAGRASFISALTVIIVPFLDGLIGAEVPAHTWFGAFLSLLGVAMLELSGSPPCIGDLLNLVSAFSFAIHMLRTEHISKNIKEENFLTLVGCEVFVVAILSAASYIFKCFTRNVQHWNFKTWPPSELFGMVMVFPWPAILYTGIFSTAFCLWAEVAAMRDVSATETAIIYGLEPVWGAAFAWAMLGERWGTTGFVGAILIIAGSLMVQIFGAIPDVSRGDNYQMNS
8072810,>XP_021305209.1,nucleotide-sugar uncharacterized transporter 2 isoform X5,[Sorghum bicolor],MGIWDSILPGGSRRFIKRKDSDAGEAGRALEELRGSLYNDFHTSEGAKRQQQRLCGPIVALTFNFVVAVGIIMANKMVMGTVGFNFPVALSLIHYLFALALMAVLKALYLLPVAPPSKSTPFSSLFALGAVMSFSTGLANISLKHNSVGFYQMAKIAVTPTIVVAEFILFKKRVSLRKVITLVVVSFGVAIATVTDLEFNFFGACVALAWIIPSAVNKILWSNLQQSGNWTALAPFIFQLGLEEQQRNYHICFVRFPSSVVWCFGTWGNLGSRSCCARDVSVYLPRDERVSHQQ
8081653,>XP_002453747.1,bidirectional sugar transporter SWEET4,[Sorghum bicolor],MVSPDTIRTAIGVIGNGTALVLFLSPVPTFIRIWKKGSVEQYSPIPYVATLLNCMMWVLYGLPVVHPHSMLVITINGTGMAIQLTYVTLFLLYSAGAVRRKVFLLLAAEVAFLGAVAALVLTLAHTHERRSMIVGILCVLFGTGMYAAPLSVMKMVIQTKSVEYMPLFLSLASLVNGICWTAYALIRFDLYITIPNGLGVLFAVAQLVLYAMYYKNTQKIIEARKRKTDQVAMTEVVVDGSGRASNNNTY
8077776,>XP_002453748.1,bidirectional sugar transporter SWEET4,[Sorghum bicolor],MVSKDTIRTAIGVIGNGTALVLFLSPVPTFVGIWKKRAVEQYSPIPYVATLLNCMMWVVYGLPVVHPHSMLVVTINGTGMLIQLSYVVLFILCSTGAVRRKVVLLFAAEVAFVVALAALVLSLAHTHERRSMVVGIVSVFFGTGMYAAPLSVMKMVIETKSVEYMPLFLSLASLANSICWTAYALIRFDVYITIPNGLGVLFALGQLVLYAMFYKNTQQIIEARKRKADHQQGTVMEVVTDATPPNNNGNTY
8061260,>XP_002443163.1,bidirectional sugar transporter SWEET13,[Sorghum bicolor],MAGLSLQHPWAFAFGLLGNVISFMTFLAPIPTFYRIYKTKSTEGFQSVPYVVALFSAMLWIFYALIKSNETFLITINAAGCVIETIYIIMYFVYAPKKGKMFTAKIMLLLNVGIFGVILLLTLLLFKGDKRVVMLGWICVGFSVSVFVAPLSIMKRVIQTKSVEYMPFSLSLSLTLSAVVWFLYGLLIKDKYVALPNILGFTFGVVQMVLYVLYMNKTPVAVAEGKDAGGKLPSAADEHVLVNIAKLSPALPERSSGVHPVVAQMAAVPNRSCAAEAAAPPAMLPNRDVVDVFVSRHSPAVHVV
8060940,>XP_002444688.1,bidirectional sugar transporter SWEET11,[Sorghum bicolor],MAGGLFSMAHPAITLSGIAGNIISFLVFLAPVATFLQVYRKKSTGGFSSVPYVVALFSSVLWIFYALVKTNSRPLLTINAFGCGVEAAYIVFYLAYAPRKARLRTLAYFFLLDVAAFALVVVVTLFVVREPHRVKFLGSVCLAFSMAVFVAPLSIIVKVVKTKSVEFLPISLSFCLTLSAVAWFCYGLFTKDPFVMYPNVGGFFFSCVQMGLYFWYRKPRPAKNNAVLPTTTDGASAVQMQGQVIELAPNTVAILSVSPIPIVGVHKIEVVEQQHKEAAVAAETRRMAAANPDGAMPEVIEIVPAVATV
8056792,>XP_002453892.1,bidirectional sugar transporter SWEET15,[Sorghum bicolor],MAFLNMEQQTWAFTFGILGNIISLMVFLSPLPTFYRVYRKKSTEGFQSTPYVVTLFSCMLWIFYALLKSGAELLVTINGVGCVIETVYLGMYLLYAPKAARVLTAKMLLGLNVGVFGLVALVTMVLSNGGLRVKVLGWICVSVALSVFAAPLSIMRQVIRTKSVEFMPISLSFFLVLSAVIWFAYGALKKDVFVAAPNVLGFVFGLAQMALYMAYRNKKPAAAAVIMVEEVKLPAEQYASKEVAPPAAAHEGSRASCGAEVHPIDIDTLPVADVGRHHDSQAVVVIDVDVEPAATCAAAAAAAGGVRGDGAAGVVTAGPEQPAAMKPVDMAIAVEA
110436286,>XP_021318610.1,sugar transport protein 5-like,[Sorghum bicolor]MAICLMAA,CGLVFGYHVGVAGGVTQMESFLNKFFPEVVSGMKSAKRDAYCMYDNQLLTAFTSSMYIGSSLSSLVASRVTMASRVTRRVGRQSVMLIGGVLFLFGSIINAGAVTVSMLIMGQMLLGFGVGFTTQAAPLYLAETSPPRWRGAFTIAYHIFVCIGSVIANMVNYLTNSMPYWGWRISLGVAAIPAIIIIVGALLVTDSPSSLVLRGEPDKARVSLQHIRGSDANIEAEFKDIVCAVEEACQNEQGAFKRLCNKRYRPYAVMMVAIPVFFQLTGMIVVFVLAPVLFRTVGFSSQKAILGSAIVNLVTLCAVITSTFVVDRYGRRSLFLIGGISMIIFQVAVSWILAEHLGKHNAVTMARSYAMAVLVLMCLYTFSLGLSWDSLKWVILSEIHPVETRSVGQAISMTIAFVLYFIQAQVFTTLLCNLKFGIFLFFAGWVLAMTAFIVVLLPETKGVPLEAMRAVWARHWYWKRFFLQDINKHDLSSTG
8054794,>XP_002462642.1,bidirectional sugar transporter SWEET11,[Sorghum bicolor],MAGGLFSMEHPWVSAFGILGNIISFLVFLAPVPTFLRVYRKKSTEGFSSVPYVVALFSCTLWILYAVVKTNSSPLLTINAFGCVVEATYILLYLIYAPRAARLRALAFFFLLDVAALALIVVVVVVLVAEPHRVKVLGSICLAFSMAVFVAPLSVIFVVIRTKSAEFMPFTLSFFLTLSAVAWFLYGIFTKDPYVTLPNVGGFFFGCIQMVLYCCYRKPSASVVLPTTTDAAATEMELPLAAHQAVAPVLAELQKLEEAMGSPRKHGGVVKVV
8056957,>XP_002447406.1,sugar transport protein 5,[Sorghum bicolor],MARGGLEAADGHSYGGSLTAAVMAICLMAASCGLVFGYHVGVAGGVTQMESFLNKFFPEVVSGMKSAKRDAYCMYDNQLLTAFTSSMYIGSSLSSLVASRVTMASRVTRRVGRQSVMLIGGVLFLFGSIINAGAVTVSMLIMGQMLLGFGVGFTTQAAPLYLAETSPPRWRGAFTIAYHIFVCIGSVIANMVNYLTNSMPYWGWRISLGVAAIPAIIIIVGALLVTDSPSSLVLRGEPDKARVSLQHIRGSDANIEAEFKDIVCAVEEACQNEQGAFKRLCNKRYRPYAVMMVAIPVFFQLTGMIVVFVFAPVLFRTVGFSSQKAILGSAIVNLVTLCAVITSTFVVDRYGRRSLFLIGGISMIIFQVAVSWILAEHLGKHNAVTMARSYAMGVLVLMCLYTFSLGLSWDSLKWVILSEIHPVETRSVGQAISMTIAFVLYFIQAQVFTTLLCNLKFGIFLFFAGWVLAMTAFIVVLLPETKGVPLEAMRAVWARHWYWKRFFLQDINKHDLSSTG
8073408,>XP_002446592.1,sugar transport protein 5,[Sorghum bicolor],MAGGGGFAAAAERGHARDDDGYGGRGGVTVPVVVTCLMAASCGLIFGYDIGVSGGVTQMESFLMKFFPEVSSAMTKNAKHDAYCKYDDQRLTAFTSSLYIAAMVSSLVASRVTRTVGRSTVMLIGGVLFLAGSAINAGAVNVAMLIIGRMLLGFGVGFTTQAAPLYLAETSPARWRGAFTTAYNIFQVQGALAATVTNYFTNRIPGWGWRVSLGLAAVPAAVVVLGALLVPDTPSSLVLRGDTDSARASLQRLRGPGAETDAELKDIVRAVEDARRNDEGAYERLVRGKGYGHYLVMVVAIPSFFDLTGVIVMAVFSPVLFRTVGFSSQKAIFGSVVLSLVNLASSLLSSFVMDRAGRRFLFLAGGAAMMICQLAMSCILAGHLGKQNAATMPRDYAVAVLVLMCLYTFSFGVSWGPLKWVVPSEIYPVEIRSAAQALTVSIALCLSFAQTQVFVSLLCAMKHGIFLFYAGWVLAMTAFVAAFLPETKGVPLEAMRAVWAGHWYWRRFVRDAKQEVQVNCL
8057454,>XP_002446591.1,sugar transport protein 5,[Sorghum bicolor],MAGGGSSVGVPDYGGGVTFSVVVTSLMAASCGIIFGYDSGVSGGVTQMDSFLSKFFPDVIDGRKSAKVDAYCKYDNQWLTAFTSSLWIAGALSSLVASRVTRRVGRQAIMLIGGVLFLAGSVINAAAVNIAMLIVGRMLLGFGLGFTLQAAPVYLSETAPARWRGAFTSAYNAFVVVGILSATVTNYFTNRIPGWGWRVSLGLAAVPGAAVVLGAFFVSDTPISLVMRGQHEKARAALQRVRGGDADVDAEFKDIVRAVDVARQNDDGAFRRLFSKEYRHYLAIGVAIPVFYEFTGMIVISIFLPVLFRTVGFSSQRAILGSVINSMTNLASTLLSSVVMDRVGRRFLFVVGGLGMMLCEVAISWIMADHLGKHGGVTTAMPRSYATGVLVLICMCTFSFGLSWAPLRWVVPSEIYPVEVRSAGQALSISITLCISFVELQVFIALLCAMKYAVFVLYAAWLLAMTVFVVMFLPETKGVPLEAMQSVWARHWYWRRFVKVDARQHNEVNCL
8056329,>XP_002463019.1,sugar carrier protein C,[Sorghum bicolor],MAGGVVVNAGGGKDYPGKLTMFVLFACIVAATGGLIFGYDIGISGGVTSMNPFLMKFFPSVYHKEQEAERNQSNQYCKFDSQLLTMFTSSLYLAALVASFVAATVTRVAGRKWSMFGGGVTFLVGAALNGAAKDVVMLILGRVLLGIGVGFANQSVPVYLSEMAPARLRGMLNIGFQLMITIGILCANLINYGTAKIKGGWGWRVSLALAAVPAAIIAVGALFLPDTPNSLIDRGYTDDAKRMLKRVRGTEDVEEEYNDLVAASEESKLVAHPWRNILQPRYRPQLVMAIAIPMFQQLTGINVIMFYAPVLFKTLGFADDASLMSAVITGLVNVFATFVSIVTVDRLGRRKLFLQGGTQMLACQIVVGSLIGAKFGFSGVAEIPKGYAAIVVFFICAYVAGFAWSWGPLGWLVPSEIFPLEIRSAGQSINVSVNMLCTFIIAQAFLPMLCRFKFILFFFFGAWVVVMTIFVALFLPETKNVPIEEMVLVWKSHWYWGRFIRDEDVHVGADLEMPSANGNGKVGAGKLVGMQ
110433964,>XP_021312903.1,bidirectional sugar transporter SWEET1a,[Sorghum bicolor],MEHIARFFFGVSGNVIALFLFLSPVVTFWRIIRKRSTEDFSGVPYNMTLLNCLLSAWYGLPFVSPNNILVSTINGTGSVIEAIYVVIFLIFAVDRRARLRMLGLLSIVVSIFATVVLVSLLALHGNARKVFCGLAATIFSICMYASPLSIMRLVIKTKSVEYMPFLLSLAVFLCGTSWFIYGLLGRDPFIIIPNGCGSFLGLVQLILYFIYRKNKGPAVPAGKGEAAAAADVEDAKKVAAAVEMADATTTNKAAADTVVGDGKVVASQV
8155361,>XP_021308854.1,sugar transport protein 1,[Sorghum bicolor],MAGGAIVNTGGGKDYPGKLTLFVLLTCIVAATGGLIFGYDIGISGGVTSMDPFLEKFFPEVFRKKQEAKTNQYCKYDNQLLQTFTSSLYLAALVASFFAATVTRVLGRKWSMLVGGLTFLVGAALNGAAQNVAMLIIGRILLGVGVGFANQSVPVYLSEMAPARLRGMLNIGFQLMITIGILAAELINYGTNKIKAGYGWRVSLALAAVPAAIITLGSLFLPDTPNSLLERGHPEEARRMLRRIRGTEDIGEEYADLVAASEEARQVQHPWRNIVRRRYRAQLTMAVMIPFFQQLTGINVIMFYAPVLFETLGFKNDASLMSSVITGLVNVFATVVSIVTVDRVGRRKLFLQGGAQMIVCQLVVGTLIAAKFGTSGTGDIARGYAAVVVVFICAYVAGFAWSWGPLGWLVPSEIFPLEIRPAGQSINVSVNMFFTFCIAQAFLTMLCHFKFGLFYFFAGWVVIMTVFIALFLPETKNVPIEEMVLVWKSHWFWKKFIADDDVHVGGNHLQMDKNVKGADA
110432718,>XP_021309183.1,sugar transport protein 14,[Sorghum bicolor],MAGGFGGSGAAAGRAEFYEGKITGYFILACIVGSFGGSLFGYDLGVSSGVTSMDDFLKKFFPDVYHRKQAHLHETDYCKYDNQVLTLFTSSLYFAGLVSTFGASYVTKRRGRRASIMVGATSFFLGGAINAAAMNIAMLIVGRVLLGVGIGFGNQAVPLYLSEIAPYRIRGAVNQLFQLTTCLGILVADIINYFTDRLHPWGWRLSLGLAMGPATAIFVGALFLPETPNSLVERGHLEEARRVLEKVRGTHKVDAEFQDLKEASDAARAVTGTFRNLLAVRNRPQLIIGALGIPAFQQLSGMNSILFYSPVIFQSLGFGSSAALYSSIITGSMLVVGALVSMVTVDRLGRRFLFIEAGIQMISSMVVVAVILALSSEREDGQFGQIFHVASTTYLDNRT
