label,article
<G>,"""Annie must like Starbucks because all white girls like Starbucks."""
<G>,"""The two courses I took at UF were not very interesting. I don't think its a good university."""
<G>,"If you eat a good diet, you will never have a heart attack."
<G>,"MeowMeowTweet is American-made skincare. I used it, and it gave me zits. American-made skincare gives people acne."
<G>,"All teachers drink coffee and teachers are people; therefore, all people drink coffee."
<G>,We think this new MallTime game app will be a success because all girls like shopping.
<G>,"I was just on the phone with a Southerner, and I could barely keep up! All Southerners talk fast."
<G>,"""That new home looks great! Let's buy it!"""
<G>,"“Birds can fly; therefore, penguins can fly.”"
<G>,"Mrs. Miller taught your older brother, who was the class clown. She decides to be strict with you from the very first day of class because she thinks you will be a clown, too."
<G>,"""You shouldn't go to 'Vomito' I went once and the food was awful."" is"
<G>,"I've only read a couple pages of this book, and I've already found a typo. There's no way I'm reading the rest of this garbage."
<G>,Christine has a terrible experience with a boyfriend. She decides that all boys are mean.
<G>,We think that Malltime will be a success because all little girls like shopping.
<G>,"My roommate from Maine loves lobsters, therefore all people from Maine love lobsters."
<G>,I met a rude person from France yesterday. I guess all French people are rude.
<G>,"“Because young male drivers are twice as likely to get into a car accident, they should pay more for car insurance.”"
<G>,"Four out of five dentists recommend Happy Glossy Smiley toothpaste brand. Therefore, it must be great."
<G>,"to define a person based on faulty opinions derived by judgments made about a group, a class, or race of people"
<G>,All dogs go to heaven.
<G>,1 = a number; 2 = a number; therefore 1 = 2.
<G>,Pre-AP kids are smart and creative.
<G>,"If you get in a car wreck, and the fault of the wreck is a teenage boy at ECR, believing all teenage boys at ECR are bad drivers is an example of:"
<G>,"There are no good restaurants in New York; I tried two in Times Square, and they were awful."
<G>,"""Everyone wants to be an English teacher."""
<G>,"My parents are democrats, and they are good people. Therefore, all democrats must be good people."
<G>,I can tell this movie is going to be terrible; the opening credits aren't even over yet!
<G>,"Trying to finish a marathon is impossible, I know because I tried it once."
<G>,"My dog got sprayed by a skunk this morning on the trail; therefore, trail running is dangerous."
<G>,"Jeff is preparing to create a commercial for a new energy drink. He visits a local high school and surveys students in an English class about their beverage preferences. The majority of the class says they prefer grape flavored drinks, so Jeff tells his superiors that grape is the flavor favored most by high school students.

What error in reasoning has Jeff made?"
<G>,A lion is a cat and cats are good pets so a lion must be a good pet.
<G>,"All of my red-headed friends are good dancers. Therefore, all red-headed people must be good dancers. 
This assumption from my experience is an example of"
<G>,"My neighbor's cat attacked me, therefore all cats are evil."
<G>,"Sometimes flu vaccines don’t work, therefore vaccines are useless."
<G>,I saw that dog eat chicken so all dogs must only eat chicken.
<G>,"Some students who attend tutoring over the summer are not very intelligent. Since Beth attended summer tutoring, she is not a very good student."
<G>,"My first day of basketball practice was easy, so it will always be easy."
<G>,He has smoked cigarettes his entire life and he doesn't have lung cancer. Therefore smoking doesn't cause lung cancer.
<G>,"""You were late tonight. You must be cheating!"""
<G>,"My sister loves shopping, so all girls must love to shop too."
<G>,Art lifts the human spirit.
<G>,Within every man's heart is the desire to be free.
<G>,You can tell that guy's Mexican - he's wearing a sombrero.
<G>,"My grandfather was a typical Irishman - friendly, outgoing, and drunk half the time."
<G>,When you have too little or unrepresentative data to make claim.
<G>,"""I asked my five closest friends and they all agree that the new Underwater Basketweaving Team Coach is a jerk, therefore I'm not trying out for the team"" IS an example of THIS fallacy."
<G>,"""The Americans I know say they elected the new president because they were tired of having their jobs sent overseas. This question of jobs brought this president into office."""
<G>,"""Guys are messy and unclean, but are really hard workers."" is an example of ..."
<G>,"Do most Americans believe in God? To find out, we asked over 10,000 scientists at colleges and universities throughout America. Less than 40 percent said they believed in God. The conclusion is obvious: Most Americans no longer believe in God."
<G>,Democrats are gay and Republicans are rich.
<G>,"Exercise is good. Therefore everybody should exercise.'
""'I agree,' said Polly earnestly. 'I mean exercise is wonderful. I mean it builds the body and everything.'"
<G>,"Everybody understands that the values in New York City are socially liberal and pro-abortion and pro-gay marriage,' he said. 'And focus on money and the media."
<G>,"It was a rainy day in Harvard Square, so the foot traffic through the atrium from Mass Ave to Mount Auburn Street was heavier than it might have been if the sun were out. A lot of people were carrying umbrellas, which most of them furled inside. I had always thought that Cambridge, in the vicinity of Harvard, might have had the most umbrellas per capita of any place in the world. People used them when it snowed. In my childhood, in Laramie, Wyoming, we used to think people who carried umbrellas were sissies."
<G>,"An environmental group illegally blocked loggers and workers at a nuclear plant. Therefore, environmentalists are radicals who take the law into their own hands."
<G>,"Based on a survey of 1000 American homeowners, 99% of those surveyed have two or more automobiles worth on average $100,000 each.  Therefore, Americans are very wealthy."
<G>,"It’s getting late, and we still have to decide on the school budget. What do you say we just leave it as is and we can call it a night?"
<G>,"We need to stop allowing colleges to increase tuition every year. The next thing we know, it's going to cost more to attend college for one semester than it is to buy a new home!"
<G>,"You should never gamble. Once you start gambling you find it hard to stop. Soon you are spending all your money on gambling, and eventually you will turn to crime to support your earnings."
<G>,We can’t freeze the academic year because then students won’t graduate on time. Next thing you know most people will be unemployed and will resort to crime. The crime rate will skyrocket and society will collapse.
<G>,"""We've got to stop them from banning poetry. Once they start banning one form of literature, they will never stop. Next thing you know, they will be burning all the books!"" Ammar demanded."
<G>,"If we allow our 14 year-old to have her first date tonight, what's next? A wedding, kids?"
<G>,"Everyone loves Rebecca, because she is so popular."
<G>,"Jeff's mom is concerned when she finds out that he skipped class one day. She tells him that she is concerned that since he skipped one class, he will start skipping more frequently. Then he will drop out altogether, never graduate or get into college, and end up unemployed and living at home for the rest of his life. What type of fallacy has Jeff's mom committed?"
<G>,"""If we ban Hummers because they are bad for the environment, then eventually the government will ban all cars; therefore, we should not ban Hummers."""
<G>,"If you don't get up early every day you will be late. The more you are late the more trouble you will get into. The more trouble you get into, you will end up losing your job and your family will starve. (This is an example of...)"
<G>,If we ban cell phones because they are bad for teenagers next the government will ban all iPods and eventually all video games as well.
<G>,"If you allow the students to redo this test, they are going to want to redo every assignment for the rest of the year."
<G>,"If I don't take the right classes in high school, then I won't be able to get into a good college. If I don't get into a good college, then I won't be able to get a job. If I can't get a job, then I am going to end up homeless."
<G>,"""If we ban Hummers because they are bad for the environment eventually the government will ban all cars, so we should not ban Hummers."""
<G>,"""I failed my AP vocab test so clearly I'm going to fail the class. Then I won't get into college and will never get a job. I will have to live in my parents' basement for the rest of my life. My life is ruined"" is an example of"
<G>,the following is an example of...
<G>,"""If you don't bring a pencil to class... you will end up sad and alone in life."""
<G>,"""If you lie, than you will end up in jail."" Is an example of..."
<G>,"We have to stop the tuition increase! The next thing you know, they'll be charging $40,000 a semester!"
<G>,"""Yesterday, you were late for ten minutes. Today you were late for an hour. You know someday, you will simply cease to show up.""

What logical fallacy is used in the statement above?"
<G>,"If you don’t eat breakfast, you’ll slouch in your desk. If you slouch in your desk, you’ll hurt your back. If you hurt your back, you’ll never become President. What fallacy is being committed here?"
<G>,"If I eat this donut today, I'll probably do it again tomorrow and the next day, and then I'll never be able to eat healthy again."
<G>,If Mr. Stiedemann assigns us homework then I can't work on other assignments in my other classes. Then my teachers will get mad and cause me to get angry. Then my anger will lead to behavioral issues and I'll get suspended.
<G>,If I don't get this 5 point assignment done then I will fall behind in my grade and will get backed up so I can't get my other assignment done. Then I will fail the class and turn to a life of crime.
<G>,"""Once you leave the house, you cannot go back. You will not receive any financial support so you need to stop going to school. Your credit card will be cut so you need to work. You will live on your own."""
<G>,"TOPIC: Should people let their cats go outside?
DEBATE: ""People should let their cats go outside. Going outside gives cats more exercise.""
""But if you let cats go outside, then they'll hunt all the birds in the neighborhood. If you let them hunt all the birds, then robins will go extinct."""
<G>,"Don't let your cousin borrow $10.00. Next, he's going to be borrowing money from you every day."
<G>,"If we ban Hummers because they are bad for the environment eventually the government will ban all cars, so we should not ban Hummers."
<G>,"""If I raise you, I must raise everyone, and then the company goes bankrupt."""
<G>,"If you're going to add that much salt to the soup, you might as well pour the whole box in!"
<G>,one thing leads to another and another and another. . . creates a “snowball” effect.
<G>,"If you don't go to camp, you won't have fun this summer, and your whole summer will be ruined!"
<G>,"Colin Closet asserts that if we allow same-sex couples to marry, then the next thing we know we'll be allowing people to marry their parents, their cars and even monkeys."
<G>,"Animal experimentation reduces our respect for life. If we don't respect life, we are likely to be more and more tolerant of violent acts like war and murder. Soon our society will become a battlefield in which everyone constantly fears for their lives. It will be the end of civilization."
<G>,"Your honor, if we let Pinocchio get away with lying, what's next? Stealing? Murder? ..."
<G>,"If we use one more can of hairspray this month, the ozone layer will not exist, and we will not exist!"
<G>,"""If you give a mouse a cookie, he'll want a glass of milk to go with it"" is a book built around THIS fallacy."
<G>,"Trump presents a dark image of America if Clinton is elected, with “Syrian refugees flooding in, illegal immigrants convicted of crimes staying.”"
<G>,"We cannot unlock our child from the closet because if we do, she will want to roam the house.  If we let her roam the house, she will want to roam the neighborhood.  If she roams the neighborhood, she will get picked up by a stranger in a van, who will sell her in a sex slavery ring in some other country.  Therefore, we should keep her locked up in the closet."
<G>,"If you accept that the story of Adam and Eve was figurative, then you will do the same for most of the Old Testament stories of similar literary styles. Once you are there, the New Testament and the story of Jesus does not make sense, which will lead you to believe that the resurrection of Jesus was a “spiritual” one. Once you accept that, you won’t be a Christian anymore; you will be a dirty atheist, then you will have no morals and start having sex with animals of a barnyard nature. So you better take the story of Adam and Eve literally, before the phrase, “that chicken looks delicious”, takes on a whole new meaning."
<G>,"If we legalize marijuana, then more people will try heroin"
<G>,If I make an exception for you then I'll have to make an exception for everyone
<G>,"Running in the halls at school is against the rules. Therefore, the indoor track team should be written up."
<G>,"His house is about half the size of most houses in the neighborhood. Therefore, his doors must all be about 3 1/2 feet high."
<G>,"Don't use iPhones. Teachers use iPhones and teachers are extremely dorky. If you use an iPhone, you will be dorky like a teacher!"
<G>,"""Tyler's friends are all obnoxious, he's a bad kid,"" Which Fallacy does this statement use?"
<G>,"Paige wants to play a guitar solo on our next recording. Her father is a horrible musician, though, so I doubt that Paula's any good either."
<G>,"A car makes less pollution than a bus. Therefore, cars are less of a pollution problem than buses"
<G>,"Each brick in that building weighs less than a pound.  Therefore, the building weighs less than a pound.Example #2:
Hydrogen is not wet.  Oxygen is not wet.  Therefore, water (H2O) is not wet.
"
<G>,"Men score better on math than women do. Jerry is a man. Therefore, Jerry is better at math than Sylvia, who is a woman."
<G>,"While jogging around the neighborhood, you are more likely to get bitten by someone’s pet dog, than by any member of the canine species."
<G>,Broccoli has significantly less fat than the leading candy bar!
<G>,"Religion may have been wrong about a few things, but science has been wrong about many more things!"
<G>,President Petutti ordered a military strike that killed many civilians. He is no different than any other mass murder and he belongs in prison!
<G>,The numbers on gun violence speak for themselves. We should ban guns in the country!
<WCB>,Children who play violent video games act more violently than those who don’t.
<WCB>,Eighty-five percent of those surveyed said that it is important to have a cell phone.
<WCB>,"“Eating five candy bars and drinking two sodas before a test helps me get better grades. I did that and got an A on my last test in history.”
What fallacy is this an example of?"
<WCB>,"""Right when I sneezed, the power went off. I must've caused the outage."" Bragged Zohaw."
<WCB>,I'm moving to Connecticut because it is the richest state in the nation and I'm tired of being poor.
<WCB>,"I wore my lucky red shirt when I took the test, so that is probably why I did so well on the test."
<WCB>,"“The rooster crows always before the sun rises, therefore the crowing rooster causes the sun to rise.”"
<WCB>,“I sneezed exactly at the same time the power went off. My sneeze must’ve done something to make the power go off. “
<WCB>,"I saw John texting yesterday, and then he got in his car and drove away; he must have crashed because he was texting. Therefore, cell phones should be banned."
<WCB>,"""The dinosaurs became extinct because they ate vegetables..."" is an example of what?"
<WCB>,"“Yesterday, I walked under a ladder with an open umbrella indoors while spilling salt in front of a black cat. And I forgot to knock on wood with my lucky dice. That must be why I’m having such a bad day today. It’s bad luck.”"
<WCB>,"“Since event Y followed event X, event Y must have been caused by event X”. What fallacy is described in this logical form?"
<WCB>,"Since Lucy Sutton became vice president of the parent-teacher association, student performance has declined and teacher morale is down. We on the school board believe that Sutton bears sole responsibility for the downtrend."
<WCB>,"The economy continues to grow as the number of “likes” on my Instagram account continue to increase. Clearly, the two are linked."
<WCB>,My grandmother ate 10 cloves of raw garlic every day. Not surprisingly she lived to be 102.
<WCB>,Tommy went to go swimming for the afternoon and later bought a lottery ticket. He won the lottery which must mean that swimming makes you win the lottery.
<WCB>,"Alley ate a slice of pizza for dinner and a few hours later she had a fever. Therefore, pizza causes fevers."
<WCB>,"Kevin's dog scratched his leg, and that night he had a fever. Kevin concluded that his dog must have infected him with something."
<WCB>,"The temperature has dropped this morning, and I also have a headache. The cold weather must be causing my headache."
<WCB>,"If the President arrives in Hawaii, and the next day a volcano erupts, believing that the volcano erupted because the President arrived on the island is an example of:"
<WCB>,"""Everytime I wash my car it rains; therefore, washing my car makes it rain."""
<WCB>,"Water fluoridation affects the brain. Citywide, student’s test scores began to drop five months after fluoridation began."
<WCB>,If the country is ever going to be safe from terrorists we have to close the borders.
<WCB>,"1. All the schools in the area had to kept closed for most part of the week.
2. Many parents have withdrawn their children from the local schools."
<WCB>,"""In March, 5G was introduced and then we all got COVID"" is an example of"
<WCB>,"I ate Oreos, and then I was sick the next day. It must have been the Oreos that caused my sickness."
<WCB>,"""A baseball pitcher bought new socks before he pitched a winning game. The new socks caused a pitcher to throw faster! He will wear the new socks for EVERY game now.""

This is an example of..."
<WCB>,blame opponent's policy for the country's problems
<WCB>,"Global chocolate consumption is highest in Switzerland, yet people there are among the trimmest in the industrialized world.  therefore, it's reasonable to conclude that chocolate helps keep your weight down."
<WCB>,"Jason and his family are heading to Utah to spend a week skiing. Looking at the weather reports, he notices that it is supposed to be warmer, making for lousy ski conditions. Angrily, he calls the Weather Channel and demands that they change their forecast so he will have better weather for the trip."
<WCB>,"""It rained and then we lost the game. Every time it rains, we're going to lose."""
<WCB>,"Lois and Jan did a ""snow dance"" one afternoon, and it snowed that night. They claimed to have brought the snow."
<WCB>,Fatima sneezed and she caused a tsunami in Tokyo.
<WCB>,Jack threw up because he ate Hot Cheetos.
<WCB>,"One day, Megan wore a Donald Duck t-shirt, and she got an ¨A¨ on her Chemistry test. Now she wears a Donald Duck t-shirt every day to Chemistry class. 
Of what fallacy is this an example?"
<WCB>,"Fewer tourists were recorded to have entered the country. This datum was gathered after Karapatan exposed the human rights violations happening here; therefore, Karapatan's expose was the reason for the low tourist turn out."
<WCB>,"At soccer practice, Willeidy tells Aida, ""Pace's soccer team was losing until I bought new shoes. We have not lost a game since I got my lucky shoes!"""
<WCB>,"President Jones raised taxes, and then the rate of violent crime went up. Jones is responsible for the rise in crime."
<WCB>,"Global chocolate consumption is highest in Switzerland, yet people there are among the trimmest in the industrialized world. Therefore, it is reasonable to conclude that chocolate helps keep your weight down."
<WCB>,"Matthieu was the only player on the team who didn't grow a playoff beard, and thus he ended up getting injured."
<WCB>,Valencia bought a different brand of detergent at the store. She developed a rash after wearing clothes washed in the new detergent. She concluded that she was allergic to the new soap. What type of reasoning is this?
<WCB>,"Giving 10% of your income to the Church will free a child’s soul from Limbo into Heaven, so give your money!"
<WCB>,"Every sunrise, the rooster makes a sound. So it is the rooster which makes the sun rise."
<WCB>,Which type of logical fallacy is used when a writer incorrectly states that one event has caused another?
<WCB>,"Michael Jackson, Kurt Cobain, and Jimi Hendrix were rock stars who died young. Therefore, if you become a rock star, don’t expect to live a long life."
<WCB>,"Dan White ate a lot of Twinkies and then killed the Mayor of San Francisco. If I were a mayor, I’d ban Twinkies so no one would kill me."
<WCB>,"Since your parents named you ‘Harvest,’ they must be farmers."
<WCB>,"Our garage sale made lots of money before Joan showed up. Obviously, she scared off all the customers."
<WCB>,"My new sport psychology intervention works! I chose the player with the lowest batting average based on the last game from each of the teams in our amateur baseball league. Then I gave each of them my 5-minute intervention. And almost all of them improved their batting average in the next game!"" (Note: this example may also involve the statistical phenomenon of regression to the mean."
<WCB>,"It was observed that persons who went out at night often developed the malady. So night air was assumed to be the cause of malaria, and elaborate precautions were taken to shut it out of sleeping quarters"
<WCB>,"The report suggests that 'the rise in violent offending and the explosion in the sales of iPods and other portable media devices is more than coincidental,' and asks, rather provocatively, 'Is There an iCrime Wave?' The report notes that nationally, violent crime fell every year from 1993 to 2004, before rising in 2005 and 2006, just as 'America’s streets filled with millions of people visibly wearing, and being distracted by, expensive electronic gear.'"
<WCB>,"Before women got the vote, there were no nuclear weapons"
<WCB>,"The bigger a child's shoe size, the better the child's handwriting"
<WCB>,The accident was caused by the taxi parking in the street
<WCB>,"P1. Lead poisoning can contribute to violent behavior.
P2. Many inner city children have dangerous levels of lead in their blood.
C. Therefore, violent crime in the inner city can be solved by curing the lead problem."
<WCB>,"Jen: Don’t you realize that all this drinking you are doing is making your family miserable?
Bridget: Yes, I do.
Jen: Then what are you doing about it?
Bridget: Drinking to forget.
"
<WCB>,"“The temperature has dropped this morning, and I also have a headache. Therefore, the cold weather must be causing my headache. “"
<WCB>," The best example of this fallacy is presented by the person who coined this term, Nassim Nicholas Taleb in his 2007 book, The Black Swan.  There are two people"
<WCB>,"Lolita: Since about half the people in the world are female, the chances of the next person to walk out that door being female is about 50/50.
Celina: Do you realize that is the door to Dr. Vulvastein, the gynecologist?
"
<WCB>,"Eric: For my lottery numbers, I chose 6, 14, 22, 35, 38, 40.  What did you choose?
Steve: I chose 1, 2, 3, 4, 5, 6.
Eric: You idiot!  Those numbers will never come up!
"
<WCB>,"Maury: Please put all my chips on red 21.
Dealer: Are you sure you want to do that?  Red 21 just came up in the last spin.
Maury:  I didn’t know that!  Thank you!  Put it on black 15 instead.  I can’t believe I almost made that mistake!
"
<WCB>,"""If a black cat crosses your path you will have bad luck."""
<RR>,The red bicycle is red.
<RR>,"She is good at writing because she writes words effectively."""
<RR>,"""Ghosts exist.... because I saw a ghost in my closet,"" is an example of what logical fallacy?"
<RR>,"Thanks to her enduring popularity with employees, Ella Watson is the best-liked CEO in our company's history."
<RR>,"""When my parents talk to me about how important it is to learn a second language, I remind them they didn't learn another language."
<RR>,Senator Randall isn't lying when she says she cares about her constituents—she wouldn't lie to people she cares about.
<RR>,Companies that make huge profits must be exploiting their customers because the only way a company could make large profits is by taking advantage of their customers.
<RR>,This is an example of....
<RR>,"""I have a right to free speech so I can say what I want and you shouldn't try to stop me. """
<RR>,President Reagan was a great communicator because he had the gift of talking effectively to the people.
<RR>,"""I shouldn't have flunked the test because I never get F's"" is an example of"
<RR>,We know he’s not lying since he says he’s telling the truth.
<RR>,"Claim: You can't give me a C in this course...
Reason: ... Because I am an A student.
Warrant: An A student is someone who can't receive Cs."
<RR>,"""You must obey the law, because it's illegal to break the law.""

What logical fallacy is used in the statement above?"
<RR>,The greatest thing that we can do is to love each other. Love is better than any other emotion.
<RR>,"Thanks to her enduring popularity with employees, Sophia Lloyd is the best-liked CEO in our company's history."
<RR>,This has to work so it will work.
<RR>,"""I stay away from those gatherings because I don't want to be brainwashed."""
<RR>,"God did not create the world six thousand years ago because matter has always existed, and therefore the world has always existed."
<RR>,"Whatever is less dense than water will float, because such objects won't sink in water."
<RR>,"""He's the best teacher I've ever had because he's the best teacher I've known."""
<RR>,"""You can't give me a D because I'm an A student!"""
<RR>,Richardson is the most successful mayor the town has ever had because he's the best mayor of our history.
<RR>,We know the virus started in a lab because it's too deadly to have just been the result of basic circumstance. But it hasn't been as deadly for China which proves that it's lab-made. Because it's deadly.
<RR>,"""Standardized dress should be used in schools because kids should wear standardized dress."""
<RR>,"The Bible is the Word of God because God tells us it is... in the Bible.

X is true because of Y.
Y is true because of X."
<RR>,"""The Cardinals are the best football team because they're better than all the other teams. They're better than all the other teams because they're the best."""
<RR>,"""Once a year, a miracle causes this large rock to float about ten centimeters off the ground since supernatural powers want us to remember the martyrs who died in that spot."""
<RR>,“You can’t give me a C. I’m an A student!”
<RR>,“Honesty is defined as always being honest.”
<RR>,"All useless laws, such as Reform Bill 13, should be repealed."
<RR>,There aren't enough parking spaces on campus because there are too many cars.
<RR>,Has your psychology department stopped teaching that ineffective approach to therapy yet?
<RR>,It must be acknowledged that [whatever psychological test battery I use] is the only legitimate test battery.
<RR>,Being overweight leads to a shortened lifespan because it's unhealthy.
<RR>,"Only a mentally ill person would kill someone, so anyone who kills someone is automatically mentally ill."
<RR>,"You should drive on the right side of the road because that is what the law says, and the law is the law."
<RR>,"It says in the Bible that God exists. Since the Bible is God's word, and God never speaks falsely, then everything in the Bible must be true. So, God must exist."
<RR>,"We know God exists because we can see the perfect order of His Creation, an order which demonstrates supernatural intelligence in its design."
<RR>,"Murder is morally wrong. Therefore, abortion is morally wrong."
<RR>,The reason billions of children starve to death each year is because we live in a world that does not care.
<RR>,"The reason everyone wants the new ""Slap Me Silly Elmo"" doll is because this is the hottest toy of the season!"
<RR>,Tik Tok is popular among teens because so many of them use it.
<RR>,"Mr. Casal got sick last week, so it was likely due to the students."
<FU>,"the phrase ""Ninety percent of all people surveyed said that McDonalds is better than Burger King so it must be true.""  represents which fallacy?"
<FU>,"""Because everybody thinks this way, it must be right."""
<FU>,"Everyone seems to support the changes in the vacation policy, and if everyone likes them, they must be
good."
<FU>,"I guess I should buy my 12-year-old daughter an iPhone. Everyone at her new school has one, and I want her to fit in with the other kids."
<FU>,Millions of people drink Diet Coke every year so it must be the best soft drink in the world.
<FU>,You should fly an American flag off your front porch. It’s the patriotic thing to do.
<FU>,Trying the latest social media challenge is a good example of what logical fallacy?
<FU>,"In this election, we've seen the highest voter turnout ever recorded. If you have any doubts about Tyler Espinoza's qualifications, just look at how many people have come out to vote for him."
<FU>,Going to prom (when you don't want to) because 90 percent of your classmates are going
<FU>,I guess that I should by my 12 year old an iPhone since everyone else has one.
<FU>,Fortnite is the best game ever. Everyone is playing it!
<FU>,"Everyone who is really into gaming already owns the latest video game. Don't be the only one left out!

Which logical fallacy is being used in the passage?"
<FU>,"In the court trial deliberations, Juror Seven says, ""There are still eleven of us who think he's guilty. You're alone."" His attempt to use numbers to persuade Eight is:"
<FU>,"An influencer posts on Instagram that the restaurant ""EP is poppin'! Everyone worth knowing is here tonight - come on down!"" -- this is an example of:"
<FU>,"""Chick fil A is the greatest food chain in existence. Look at the crowds!"""
<FU>,A commercial shows a group of friends all hanging out wearing clothes from a popular clothing company. This is an example of
<FU>,"Officer, I was only driving as fast as everyone around me. You can't give me a ticket for doing what every other driver on the road was also doing."
<FU>,"“McDonald’s has served 100 billion people in the world. It must be the best fast food restaurant in the world"" is an example of"
<FU>,"""Since 88% of people polled believe in UFOs, they must exist.”"
<FU>,Everyone wants the iPhone 11 because it's the best phone on the market!
<FU>,"Television Advertisement: Rush to shop at Super-Mart this weekend, everyone is doing it!"
<FU>,"""Four legs good, two legs bad"""
<FU>,", that it must be true"
<FU>,"Argues that because something is popular, it must be right."
<FU>,The Royals are promoting their team for the next season by telling people to come join the team because everyone else has.
<FU>,"""You should run right out and purchase the newest iPhone 22 because you will literally be the only one who doesn't own one!"" This is an example of what type of persuasive technique?"
<FU>,"""Everyone is wearing the new skinny jeans from American Eagle. Are you?"""
<FU>,"Tries to persuade the reader to do, think or buy something because it is popular or because ""everyone"" is doing it."
<FU>,"I know the Professor said that the Bridges of Madison County was smarmy trash and lacked any artistic worth. But I still think he's wrong. After all, it was on the best-seller list for over 100 weeks.

Identify the logical fallacy commited in this argument."
<FU>,I guess I should buy my 12-year-old daughter an iPhone.  Everyone at her new school has one and I want her to fit in with the other kids.
<FU>,"""Jose, join us because everybody will come to the party and only you will be left behind."""
<FU>,What is the name of the fallacy in question 4 about Marcus?
<FU>,"""Certainly this is the case at most colleges in America nowadays"""
<FU>,"I am voting for Pepitone for President because the rest of my family is voting for her, and I don't want to be the only one not doing so."
<FU>,Best Buy is the best electronics store because people line up outside of it on Black Friday.
<FU>,Don't be the only one not wearing Nike!
<FU>,"Sebastian saw that several of his friends had bought a new fidget spinner. He realized it must be a very cool gadget if they had one, and everyone else probably did, too.
What fallacy did Sebastian fall into?"
<FU>,"All professional athletes use Apple watches to track their training, so our team needs to purchase Apple watches for everyone."
<FU>,Lahat nakamove-on na ikaw na lang hindi pa. #MarcosIsAHero
<FU>,"During class, Alex whispers to Jeff, ""More than 80% of university professors are voting against the Republicans. Clearly, it's the only intelligent vote to make."""
<FU>,"Everyone is selfish; everyone is doing what he believes will make himself happier. The recognition of that can take most of the sting out of accusations that you're being ""selfish."" Why should you feel guilty for seeking your own happiness when that's what everyone else is doing, too?
What's the logical fallacy?"
<FU>,"""Shell was charged with misleading advertising in its Platformate advertisements. A Shell spokesman said: 'The same comment could be made about most good advertising of most products.'"""
<FU>,"""Everyone else believes it, so it must be true."""
<FU>,Trying to convince others that everyone is doing it or everyone feels this way so they should too.
<FU>,SM 2: book being popular because it has been on the best-seller list for months
<FU>,"Jill and Jane have some concerns that the rules their sorority has set are racist in character. Since Jill is a decent person, she brings her concerns up in the next meeting. The president of the sorority assures her that there is nothing wrong with the rules, since the majority of the sisters like them. Jane accepts this ruling but Jill decides to leave the sorority."
<FU>,"fallacy suggesting that because everyone believes something or does something, it must be valid, accurate, or effective."
<FU>,"""With 80% of consumers choosing our product, isn't obvious that you should, too?""
This logical fallacy is called..."
<FU>,"""That politician wants you to think he loves America. His last rally had 20 American flags flying behind him"" IS an example of this fallacy."
<FU>,taps into people's desire to belong
<FU>,The latest craze or fad; everyone has to have it.
<FU>,"Trump cites (biased) poll results showing that people think he’s a strong leader to prove a point that he is a strong leader.

ABC News/Washington Post Poll (wrong big on election) said almost all stand by their vote on me & 53% said strong leader."
<FU>,"President Clinton is an advocate of socialized medicine, which is a form of communism."
<FU>,"If you are a true American, you will ask your congressman to vote against NAFTA."
<FU>,Eat lamb--could thousands of coyotes be wrong?
<FU>,"Mark: Do you believe in virgin births?
Sue: You mean that babies are born virgins?
Mark: I mean birth without fertilization.
Sue: No.
Mark: How could you not believe in virgin births? Roughly two billion people believe in them, don’t you think you should reconsider your position?
"
<FU>,"A 2005 Gallup Poll found that an estimated 25% of Americans over the age of 18 believe in astrology—or that the position of the stars and planets can affect people's lives.  That is roughly 75,000,000 people.  Therefore, there must be some truth to astrology!"
<IR>,"My opponent raises a good point, but can we really trust him? I mean, he moved to this town only two years ago and everyone knows that his wife left him."
<IR>,Look at that face! Would anyone vote for that? Can you imagine that as the face of our next president?
<IR>,"If someone told you, ""Kyra doesn't know anything about science because she likes weird music,"" what logical fallacy are they using?"
<IR>,"Nicholas - ""An apple is a vegetable."" Alexis - ""Don't listen to Nicholas; he is failing AP Language"""
<IR>,This is why a woman shouldn’t do a man's job
<IR>,Don't listen to her advice about math. She doesn't even know how to tie her own shoes!
<IR>,"Louise is running for class president. In her campaign speech she says, ""My opponent does not deserve to win. She is a smoker and she cheated on her boyfriend last year."" What fallacy has Louise committed?"
<IR>,You can't believe Jack when he says there is a God because he doesn't even have a job.
<IR>,"Person 1:
I am for raising the minimum wage in our state.
Person 2:
She is for raising the minimum wage, but she is not smart enough to even run a business."
<IR>,"Mr. Gough supports the cell phone ban and he's an idiot, so we should let teachers keep their cell phones."
<IR>,"BILL CLINTON: But when Joe McCarthy went around this country attacking people’s patriotism, he was wrong. He was wrong. And a senator from Connecticut stood up to him named Prescott Bush. Your father was right to stand up to Joe McCarthy, you were wrong to attack my patriotism. I was opposed to the war but I loved my country… Debate 1,
October 11, 1992
St. Louis, Missouri
What logical fallacy did Clinton’s statement employ?"
<IR>,"""I can't understand how such a low performance student is able to talk about politics"" is an example of"
<IR>,"Billy - ""An apple is a vegetable.""  Bobby - ""Don't listen to Billy; he failed Spanish class last year. """
<IR>,"That candidate wants to raise the minimum wage, but they aren't even smart enough to run a business."
<IR>,"Charlie: Fast food is filled with salt, fat, and added sugars. We need better regulation of the industry.

Bob: That may be, but you’re such a hypocrite! I saw you devour a Triple-Baconator, super-sized fries, and 64 ounces of soda yesterday."
<IR>,"Oh please, what do you know about labor laws? You don't even have a job."
<IR>,She should not be voted president because she's a liar and a thief.
<IR>,"Nobody in their right mind would trust that guy. I mean, look at him!"
<IR>,"Lily says the sun is fully risen at 5:00am, but how would she know she sleeps in until noon.

(love you lily all jokes all jokes)"
<IR>,"President Bush argues that we should open up the Arctic National Wildlife Refuge for oil drilling. But Bush just wants to reward his rich cronies in the oil industry, so we can't take his arguments seriously."
<IR>,I'm hardly prepared to listen to the arguments of an ignorant moron like you.
<IR>,"""You're too ugly to be class president!"""
<IR>,"Says Robot 2, attacking Robot 1 instead of his arguments."
<IR>,The reason our company never makes any money is because we have a buffoon running it!
<IR>,"""Don't listen to Eddie's arguments on education. He didn't even finish high school"" is an example of"
<IR>,politicians coin names to cast blame
<IR>,"You didn’t even finish high school, how could you possible know about this?"
<IR>,Vote for me because the other candidate is a cheat and a liar!
<IR>,There's no point listening to your opinion on school lunches. Everybody knows you cheat on your math tests.
<IR>,"""I knew him in high school and he almost flunked out. He can't be a good choice for mayor."""
<IR>,"Jamila is running for class president. In her campaign speech she says, ""Xavier does not deserve to win. He is a smoker and He cheated on his reading quizzes last year."" What fallacy has Jamila committed?"
<IR>,"My opponent raises a good point, but can we really trust him? I mean, he moved to this town two years ago and everyone knows that his wife left him."
<IR>,A mother says that she does not trust her pediatrician because he has never been a mother.
<IR>,"You've never visited another country, so who cares what you say about immigration reform!"
<IR>,Why would you trust Paris Hilton to sell health food? She drinks and parties and has multiple partners.
<IR>,"J: Cats are better than dogs.
V: Dogs are better.
J: You are a lazy person. You won't even be able to take care of a dog."
<IR>,People who don't like K-pop are racist.
<IR>,"An abusive attack against someone making the argument, instead of the argument itself, is called a/an"
<IR>,"“He’s not a great athlete; he’s a fraud, a cheat and a liar. That’s why not everybody is ‘happy for Lance.'”"
<IR>,He can't be a great athlete; he didn't adopt the stray dog on the street.
<IR>,"""I can't trust that doctor's advice on how to raise my child. He has never been a mother."""
<IR>,Layla is a liar! She should not be trusted to be president for student council!
<IR>,"This trick, which literally means ""to the guy,"" distorts a person's character subtly or blatantly, undermining their reputation regardless of how compelling their point is."
<IR>,"""You are clearly just too young to understand this issue!"""
<IR>,"""You are not a credible resource person. You haven't finished college."""
<IR>,"""Andrea Starkk has written several books arguing that the media harms women when it comes to body image. But Starkk is an ugly, bitter person, so you shouldn't listen to her."""
<IR>,"After Sally presents an eloquent and compelling case for a more equitable taxation system, Sam asks the audience whether we should believe anything from a woman who isn't married, was once arrested, and smells a bit weird."
<IR>,", rather than considering the content of what the person is saying?"
<IR>,Only fools are out in public right now. Careful people are staying home.
<IR>,"Dustin: ""Why do you always deflect the argument by insulting me?""
Ann: ""You're ugly and poor!"""
<IR>,Of course Marx' theories about the ideal society are bunk. The guy spent all his time in the library.
<IR>,"Student: Logical Fallacies have nothing to do with my life and I don’t want to learn them!
Teacher: You are too young to understand why it’s important!
Estudiante: ¡Las falacias lógicas no tienen nada que ver con mi vida y no quiero aprenderlas!
Maestro: Eres demasiado joven para entender por qué es importanto!"
<IR>,"We cannot listen to John’s opinion on global warming because he is a tree hugger.
No podemos escuchar la opinión de John sobre el calentamiento global porque es un abrazador de árboles."
<IR>,His opinions about sports mean nothing - he can barely tie his own shoes!
<IR>,"Cari says that we need a major overhaul in education. Cari gets a speeding ticket every other week, so maybe she should learn how to drive instead of worrying about schools."
<IR>,"""My opponent raises a really good point, but can we really trust him? He moved to this town three years ago and everyone knows his wife left him."
<IR>,"Oh, please. What do you know about labor laws? You don't even have a job."
<IR>,"""Why would you elect a mayor whose wife has been treated for alcohol addiction?""
This logical fallacy is called..."
<IR>,"Robert Downey Jr. thinks everyone should vote. However, Robert Downey Jr. once went to prison for drug use. So, he's obviously wrong."
<IR>,Personally attacking someone to shift attention away from your views is
<IR>,Which fallacy is used to attack a person's character
<IR>,Donald Trump mocked Romney for walking like a penguin. He also repeatedly called Jeb Bush low-energy.
<IR>,Dr. Bloom cannot be a competent marriage counselor because he is divorced.
<IR>,Don't believe what Kim says about global warming. Kim dropped out of college!
<IR>,"Cat Stevens may be a successful and skilled musician, but let's not forget that he's been accused of extremist religious and political views."
<IR>,You oppose a senator's proposal to extend government-funded health care to poor minority children because that senator is a liberal Democrat.
<IR>,"Now you tell me she looks presidential, folks. I look presidential"
<IR>,President Trump said that he was proud of the children who participated in this year's Special Olympics. Those kids are a bunch of losers.
<IR>,"She is a teacher in a public school, so any claims that she makes about the public school system are biased and untrue."
<IR>,"My teacher says the Earth is flat, so it definitely is flat."
<IR>,"Having come from the same political party, he is sure to communicate biased and untrue claims about his party-mates"
<IR>,"Hannah argues that because her friend was brainwashed as a child into thinking that people are generally good, people are not generally good.
Name that fallacy:"
<IR>,"Before he died, poet Allen Ginsberg argued in favor of legalizing pornography. But Ginsberg's arguments are nothing but trash. Ginsberg was a pot-smoking homosexual and a thoroughgoing advocate of the drug culture."
<IR>,"Accused on the 6 o'clock news of corruption and taking bribes, the senator said that we should all be very wary of the things we hear in the media, because we all know how very unreliable the media can be."
<IR>,"Since it was a deathbed confession, it must be true."
<IR>,"Lisa was brainwashed as a child into thinking that people are generally good.  Therefore, people are not generally good."
<IR>,"I did not complete my homework last night? Well, you did not do yours last weak either."
<IR>,"Sandy: ""You shouldn’t have that second piece of cake. It’s so fattening.""
Ralph: ""Didn’t you eat an entire tub of ice cream yesterday?"""
<IR>,"All this time that you're telling me to improve, you're being lazy yourself."
<IR>,"Wilma: You cheated on your income tax. Don't you realize that's wrong?
Walter: Hey, wait a minute. You cheated on your income tax last year. Or have you forgotten about that?"
<IR>,"Helga: You should not be eating that... it has been scientifically proven that eating fat burgers are no good for your health.

Hugh: You eat fat burgers all the time so that can’t be true."
<IR>,"My friend told me to quit singing in the car since I have a ""bad voice."" She sings in the car all of the time!"
<IR>,"in response to the claim that ""Eating fast food is unhealthy"": “But I saw you eat a burger and fries for lunch only a few hours ago!"""
<IR>,"Nicole identified that Hannah had committed a logical fallacy, but instead of addressing the substance of her claim, Hannah accused Nicole of committing a fallacy earlier on in the conversation."
<IR>,"George: Man, those girls are smokin' hot!
Derek: No, they're not. You're a victim of the cheerleader effect. When girls are together in a group, each girl looks a lot better than if you were to see her without the other girls.
"
<IR>,Don’t believe what Alex says about global warming. Alex dropped out of college!
<IR>,"Gertrude: I am tired of having to fill out these forms all day. Can't we find a more efficient system?

Cindy-Lou: If you're not happy with the way we do things, we can find someone who is!"
<IR>,"Steve: In Sweden, college is free for citizens. How come we can't do that here?
Ed: If you like Sweden so much, move there. The USA would be glad to be rid of your liberal ass!
"
<IR>,"Regime vs. government
Pro-death vs. pro-choice"
<IR>,"Which fallacy am I? Combining facts and evidence with words that stir up emotion, with the attempt to manipulate others into accepting the truth of the argument."
<IR>,"Which fallacy is the following example? ""By rejecting God, you are rejecting goodness, kindness, and love itself."""
<IR>,"""It is an outrage that the school wants to remove the vending machines. This is taking our freedom away!"""
<IR>,Television Advertisement: Get all of your stains out by using new and improved Ultra Suds and wash your blues away!
<IR>,Janice just lost her goldfish and so asks you to give her the benefit of the doubt. What fallacy has she committed?
<IR>,"""I am not unmindful that some of you have come here out of great trials and tribulations. Some of you have come fresh from narrow jail cells. And some of you have come from areas where your quest -- quest for freedom left you battered by the storms of persecution and staggered by the winds of police brutality. You have been the veterans of creative suffering. Continue to work with the faith that unearned suffering is redemptive. Go back to Mississippi, go back to Alabama, go back to South Carolina, go back to Georgia, go back to Louisiana, go back to the slums and ghettos of our northern cities, knowing that somehow this situation can and will be changed.""  Which appeal is the primary appeal used in this quote?"
<IR>,"""You'll make the right decision because you have something that not many people do: you have heart.""?"
<IR>,"""Do the best for your baby""  is an example of ..."
<IR>,"""Jews are lice; They cause typhus (Painful/deadly disease)."""
<IR>,"Power lines cause cancer.  I met a little boy with cancer who lived just 20 miles from a power line who looked into my eyes and said, in his weak voice, “Please do whatever you can so that other kids won’t have to go through what I am going through.”"
<IR>,Last year I wanted to quit school because my friends treated me like an outcast and talked about me to my friends. I felt betrayed and sad all of the time but now I think I have a place at my new middle school.
<IR>,The Supreme Court has just flinched from its responsibility to stop the unjust jailing of two journalists―not charged with any wrongdoing―by a runaway prosecutor who will go to any lengths to use the government's contempt power to force them to betray their confidential sources.
<IR>,We will not rest until we reach a day when not one single veteran falls into homelessness.
<IR>,"If we don't control Covid-19, it could lead to millions of deaths. Wouldn't it make you sad to live in a country where that had happened?"
<IR>,"Power lines cause cancer. I met a little boy with cancer who lived just 20 miles from a power line who looked into my eyes and said, in his weak voice, “Please do whatever you can so that other kids won’t have to go through what I am going through.” I urge you to vote for this bill to tear down all power lines and replace them with monkeys on treadmills."
<IR>,"There must be objective rights and wrongs in the universe. If not, how can you possibly say that torturing babies for fun could ever be right?"
<IR>,"""A dog would be a great addition to our family. Think about how wonderful it would be to come home to a happy, excited, loving dog?"" This is an example of which persuasive technique?"
<IR>,"Hundreds of thousands of animals are being tortured and killed every year, and for what? So that we can modernize our beauty products and overstock our grocery stores?"
<IR>,"This is usually used in a company's slogan, using words that are very vague and nonspecific, but sound really nice. ex: ""Eat Fresh."" ""Expect More. Pay Less."""
<IR>,"""The critical mission was horribly executed."" is an example of ..."
<IR>,You have to give me a passing grade. I spent 150 hours on that project and missed every party this quarter.
<IR>,"""I should receive an 'A' in this class. I had a tough week!"" Hadi begged"
<IR>,"""If we don't adopt that puppy today, they might put him down. Do you want to be responsible for that?"" Exclaimed Yasir."
<IR>,"If you write to Mrs. Roth and tell her: ""Mrs Roth, I know I haven't done any of the assignments, but I need a C anyway because I'm asking nicely and I'm good person, and I'm going to get in trouble if you don't."""
<IR>,"""I know the exam is graded based on performance, but you should give me an A. My cat has been sick, my car broke down, and I've had a cold, so it was really hard for me to study!"""
<IR>,It occurs when someone makes an appeal to emotion of pity instead of addressing the argument.
<IR>,"""I know I made a bad decision, but look at how hard I tried.""
This helps manipulators to avoid taking responsibility for their actions."
<IR>,"""You cannot detain me. I am still grieving my cat's death."""
<IR>,You've got to donate to the hockey team. They are helping build schools in Uganda. Imagine all of those poor and hungry kids there.
<IR>,"Children should not go trick or treating, as there always
exists the possibility that someone could poison the treats."
<IR>,"If you love your family, you'll buy this new stealth
security system."
<IR>,"Medical expenses for the elderly continue to rise. If you don't buy long-term health insurance now, you probably won't be able to qualify once you're older. Sure, the insurance policy is a little expensive, but it's worth spending the money today so you don't go bankrupt in the future, becoming a burden to your family."
<IR>,"Preys on people’s emotions and sensitivities, can turn into a slippery slope"
<IR>,"""If you don't turn in your homework, you will be getting a call home."
<IR>,"Claiming that ""If you elect him, the Dow Jones will tumble and you will lose all of your money!"" is an example of:"
<IR>,"""Politician X is going to strip away your right to free speech!"""
<IR>,Explaining that trusting the other politician will cause everyone to lose their homes and jobs
<IR>,"If everyone lived his or her life exactly like Jesus lived his life, the world would be a beautiful place!"
<IR>,"You should choose to work more overtime at the same rate of pay. After all, you wouldn’t want to lose your job, would you?"
<IR>,"""I'd like to punch him in the face."" - Donald Trump (Feb. 2016, at a campaign rally, remarks directed at a protester who was being escorted out of the rally.)"
<IR>,"""Don't make me angry; you won't like me when I'm angry."""
<IR>,"Melvin: Boss, why do I have to work weekends when nobody else in the company does?
Boss: Am I sensing insubordination?  I can find another employee very quickly, thanks to Craigslist, you know.
"
<IR>,Aren't you tired of the political divisiveness in this country? Republicans know what they are talking about when it comes to immigration. Don't you agree?
<FE>,"The museum's new gemstones and precious minerals exhibit needs more security guards. If you don't agree, then you must be planning to steal a piece of the exhibit"
<FE>,"Either you can save your money to buy a new car for yourself, or you can just take an Uber around for the rest of your life."
<FE>,Either you text your friend or you don't have any fun at all.
<FE>,"If you drive without car insurance, then you’re an accident waiting to happen.
Stay protected with Auto Union insurance."
<FE>,"Look, you are going to have to make up your mind. Either you decide that you can afford this stereo, or you decide you are going to do without music for a while"
<FE>,"I'm raising funds to help cure XYZ disease. If you don't donate, then you're part of the problem."
<FE>,"You can buy the new Sensitivity perfume, or you can smell bad all day."
<FE>,We either have to cut taxes or leave a huge debt for our children.
<FE>,We cannot support immigrants because we have too many homeless and poor Americans.
<FE>,“I didn’t see you at the charity fundraiser today. I guess you are not a good person after all.”
<FE>,You are either a leader or a follower.
<FE>,"""Either you recycle or you don't care about human life."""
<FE>,"I’m raising funds to help cure XYZ disease. If you don’t donate, then you’re part of the problem."
<FE>,We should ban all hairspray or the world will end!
<FE>,"”You can start a family early, or build financial stability for a better family life in the future.”"
<FE>,"You've got to teach the boys logic! If you don't teach them logic, they won't learn how to think, and they'll become hobos and die in prison! Don't you care about your sons? (Mother to Father)"
<FE>,You either are for us or you are all against
<FE>,We can either stop using cars or destroy the earth.
<FE>,"""Either we re-elect Mayor Ruiz, or we watch our city fall to pieces"" is an example of"
<FE>,"Growing up, many children are told to eat their dinner or else they would never grow big and tall. What fallacy is this?"
<FE>,"Dana is trying to raise money for her university's library. In her address to the board of trustees, she says, ""We must raise tuition to cover the cost of new books. Otherwise the library will be forced to close.""

Of what fallacy is this an example?"
<FE>,The speaker insinuates that there are only two options despite this not being true.
<FE>,Either you eat this meatloaf or you eat nothing.
<FE>,"""Jollibee or McDonalds for lunch?""

The sentence is an example of what fallacy?"
<FE>,"Unless you can close your eyes to abuse, write a check to save this puppy."
<FE>,It is either you are for the US war on terror or against it.
<FE>,This fallacy (also known as “false dilemma”) occurs when a speaker or writer makes a veiled threat by reducing a complex issue to two options: either you see it my way or this bad thing will happen.
<FE>,"""Judge Danforth in the play, 'The Crucible,' offers Proctor two choice: you are either with this court or against it"" IS an example of this fallacy."
<FE>,We as the Board can either choose to approve this initial public offering or we can suffer slow annihilation at the hands of our competitors.
<FE>,"If you don't pay taxes, you don't deserve the right to vote."
<FE>,"If you can't prove that Ken had an affair with the nanny, then he's been faithful to his wife.	"
<DEP>,"If I tell my teacher I have done my homework, but I have only done part of it, I am using"
<DEP>,"Sugar is an essential component of the body...a key material in all sorts of metabolic processes,' neglecting the fact that it is glucose (blood sugar) not ordinary table sugar (sucrose) that is the vital nourishment."
<DEP>,I didn’t steal your pen—I borrowed it
<DEP>,"It is said that we have a good understanding of our universe.  Therefore, we know exactly how it began and exactly when."
<DEP>,"Bernice: Do you support Black Lives Matter?
Mildred: Of course, I do!
Bernice: Then you should support me looting that store.
Mildred: Wait... what?
"
<DEP>,"Dr. Simmons: I am working on a way to lengthen the human lifespan to about 200 years.
Misty: You are declaring war on Mother Nature, and Mother Nature always wins!
"
<DEP>,In many cases you can't really tell whether patients are improving because of what the therapist is doing or because of the placebo effect—there's a fuzzy line separating the two--so we must conclude that they are actually the same mechanism of improvement.
<DEP>,"Elba: I can’t believe the art critic said my artwork is awful!
Rowena: He must have meant it in the old sense of the word -- that your artwork inspired awe!
Elba: Yes!  That makes sense now!
"
<IR>,"Mother: It’s bedtime Jane Jane: Mom, how do ants feed their babies? Mother: Don’t know dear, close your eyes now. Jane: But mama, do ant babies cry when they’re hungry?"
<IR>,"In order to really look at the problem of global warming, we must first consider how the homeless suffer when it is cold."
<IR>,"""Yes, we have safety issues in our factory. But we work really hard to make a good product."""
<IR>,"Because students do not do homework virtually when quarantined, we should get rid of all computers."
<IR>,"“The police should stop environmental demonstrators from inconveniencing the general public. We pay our taxes.”
“Surely global meltdown is infinitely worse than a little inconvenience?”"
<IR>,"The mother of a young child tells him to go to bed, and he begins to ask questions, say that he is hungry, or say that he needs to go to the bathroom-all to avoid bed and distract mom."
<IR>,"We admit that this measure is popular, but we also urge you to recognize that there are so many other bond issues on this ballot it is getting ridiculous."
<IR>,I shouldn't have to pay for my parking ticket. There are far more dangerous offenses people commit. They should have to pay.
<IR>,"Mom: You used up all of the data on our phone plan this month!
Kid: I had a math test today that was really, really hard. Can you just forgive me this one time?"
<IR>,"It’s true that this company hasn’t given raises in the last 5 years, but we work really hard to ensure that we have a quality product and good customer service."
<IR>,Justin's mom gets his phone bill and he has gone over the limit. He begins talking to her about how hard his math class is and how well he did on a test today.
<IR>,"“My wife wants to talk about cleaning out the garage, so I asked her what she wants to do with our patio furniture. Now she’s shopping for new patio furniture and not asking me about the garage.”"
<IR>,"Reporter: “It’s been two years since your policies were implemented, and so far they have failed to reduce unemployment rates.”

Politician: “I have been working hard ever since I came into office, and I’m happy to say that I met with many business leaders throughout the country, who all say that they are glad to see that our hard work is paying off.”"
<IR>,"Sure, that charity group is under investigation for misusing funds, but everyone deserves a healthy meal."
<IR>,"A mother is telling her daughter that she went over her data for the month, and the daughter begins telling her mother about getting an A on a math test."
<IR>,Grizzly bears can't be dangerous! They're too cute.
<IR>,It is ridiculous to have spent thousands of dollars to rescue those two whales trapped in the Arctic ice. Why look at all the people trapped in jobs they don’t like.
<IR>,"""Why worry about pandas going extinct, when we have the homeless in our country to worry about?"""
<IR>,I shouldn’t be punished for staying out past my curfew because I did the dishes earlier today.
<IR>,"A student gets into trouble for not meeting the dress code at her school. When her teacher confronts her, she begins talking about how the dress code is a punishment for girls and boys are able to wear whatever they want."
<IR>,"""Yes, we have safety issues in our factory. But we work really hard to make a good product. They sell so well!"""
<IR>,"""Dad, it's difficult to make a living on my salary.""

""Consider yourself lucky. When I was your age, I was living on $40 a week."""
<IR>,OJ Simpson couldn't have murdered his wife. He's in the Pro Football Hall of Fame. He's famous!
<IR>,"The Supreme Court right now is deciding whether it is right to execute insane people who have committed murder. I think it is all right to execute insane people. If we ban executions of insane people, then everybody on death row will suddenly decide they are insane and purposely fail sanity tests. It would result in chaos."
<IR>,Marty said that his Xbox One X had better resolution than Phil’s PS4 during their gaming console debate. Phil suddenly brought up how powerful his PC was when Marty started talking about the specs of the two gaming consoles.
<IR>,"Ashley: It is morally wrong to cheat on your spouse; why on earth would you have done that?
Hannah: But what is morality exactly?
Ashley: It’s a code of conduct shared by cultures.
Hannah: But who creates this code?...
Hannah has committed what fallacy?"
<IR>,Check out the pretty lights.  Don’t look behind the curtain.
<IR>,Warning!  Smoking may cause frostbite?
<IR>,"Your mom gets your phone bill, and you have gone over the limit. You begin talking to her about how hard your math class is and how well you did on a test today."
<IR>,"It is ridiculous to have spent thousands of dollars to rescue two whales trapped in the ice. Why, look at all the people trapped in jobs they don't like."
<IR>,"Mike: It is morally wrong to cheat on your spouse, why on earth would you have done that?

Ken: But what is morality exactly?

Mike: It’s a code of conduct shared by cultures.

Ken: But who creates this code?..."
<IR>,We should present Cadet Curry with our squadron’s cadet of the year award. He’s the most active and highest-performing cadet we have. REPLY: But Cadet Arnold has been in CAP longer.
<IR>,"I know you want to imprison me for having murdered my parents, but judge, have mercy on me, I’m an orphan!"
<IR>,You say that Coach Smith pressured teachers to give his students passing grades. But don’t you agree that athletics are important to schools? Don’t they build character?
<IR>,"Many people criticize Thomas Jefferson for being an owner of slaves. But Jefferson was one of our greatest presidents, and his Declaration of Independence is one of the most eloquent pleas for freedom and democracy ever written. Clearly these criticisms are unwarranted."
<IR>,"My wife wants to talk about cleaning out the garage, so I asked her what she wants to do with our patio furniture. Now she's shopping for new patio furniture and not asking me about the garage."
<IR>,"Some of you have objected to the new test batteries that were purchased for our program, alleging that they have no demonstrable validity, were not adequately normed for the kind of clients we see, and are unusable for clients who are physically disabled. What you have conveniently failed to mention, however, is that they cost less than a third of the price for the other tests we had been using, are much easier to learn, and can be administered and scored in less than half the time of the tests we used to use."
<IR>,We admit that the measure is popular. But we also urge you to note that there are so many bond issues on the ballot that the whole thing is getting ridiculous.
<IR>,"In the space of a couple of days, Alastair Campbell has managed to turn an argument about the way the government presented its case for war in Iraq into an entirely different dispute about the way the BBC covered what was going on in Whitehall at the time."
<IR>,I'd also like you to consider the possibility that these people intend to attack both Mandela and myself. That doesn't mean I'm excluding the possibility that it really is Mandela these lunatics are after. I just want you to think critically about what you are doing. Pieter van Heerden was murdered. That means there are eyes and ears everywhere. Experience has taught me that red herrings are an important part of intelligence work. Do you follow me?
<IR>,"Some of you have objected to the ethics of my clinic's buying those new test batteries. You claim that the new tests are unreliable, have no published norms, have never demonstrated validity, cannot be used by clients who are physically disabled, have been condemned as bogus by every major scientific organization, and were developed and sold by my brother-in-law, who unfortunately cannot be with us today due to a misunderstanding with his overly controlling and rigidly judgmental parole officer. What you have apparently failed to appreciate, however, is that these new tests are much easier to learn, can be administered and scored in a fraction of the time required by the old tests, and were so inexpensive compared to the old tests that I'll be able to give you each a bonus at the end of the month."
<IR>,"Billy: How could the universe be 6000 years old when we know the speed of light, the distance of astronomical objects (13+ billion light years away), and the fact that the light has reached us[1]?
Marty: 6000 years is not a firm number.  The universe can be as old as about 10,000 years.
Billy: How do you figure that?...
"
<IR>,"Mom, I know you're upset that I went over my cell limit this month. The important issue here, though, is that I got an A on my algebra exam."
<IR>,"I'm tailgating her, because she cut me off!"
<IR>,Why shouldn't I gossip about Laura Jane? You know she talks about us every chance she gets.
<IR>,Big deal! Lots of people cheat too.
<IR>,"The city should not be singling out our company's problems at our chemical storage facilities, when the EPA records indicate the city's very own landfill has been cited as needing improvements. The council needs to clean up its own mess, before they go after us."
<IR>,"Jimmy stole Tommy’s lunch in the past.
Therefore, it is acceptable for Tommy to steal Jimmy’s lunch today."
<IR>,Keeping a dog as a pet is every bit as evil as human slavery.
<IR>,"""It's important for you to take this psychology course. Sign up today. Don't wait."""
<IR>,"""I believe deeply that canceling the fashion show is the best decision. I know it is. I am very certain about it."""
<IR>,"""You can't believe that theory. No one would believe that. It's too unbelievable."""
<IR>,Saying that a compromise between two extremes is the truth
<IR>,It is the center of the spectrum of two extremes of deficiency and excessiveness.
<IR>,"In our psychology department, half of the faculty believe that a behavioral approach is the only valid approach; the other half believe that the only valid approach is psychodynamic. Obviously the most valid approach must be one that incorporates both behavioral and psychodynamic elements."
<IR>,"Ok, I am willing to grant that there might not be angels and demons really floating around Heaven or hanging out in Hell, but you must grant that there has to be at least one God.  Is that a fair compromise?"
<IR>,"Jay: Dude, where are my car keys?
Silent Bob: (says nothing)
Jay: I KNEW you took them!
"
<IR>,Be happy with the 1972 Chevy Nova you drive.  There are many people in this country who don’t even have a car.
<IR>,"Famous actors like Alex Gonzaga and Philip Salvador support Oplan Tokhang, so it must be an effective operation."
<IR>,"“We should abolish the death penalty. Many respected people, such as Imran Kader, have publicly stated their opposition to it.”"
<IR>,"Richard Dawkins, an evolutionary biologist and perhaps the foremost expert in the field, says that evolution is true. Therefore, it's true."
<IR>,"""I will end this war in Iraq responsibly, and finish the fight against al Qaeda and the Taliban in Afghanistan. I will rebuild our military to meet future conflicts. But I will also renew the tough, direct diplomacy that can prevent Iran from obtaining nuclear weapons and curb Russian aggression. I will build new partnerships to defeat the threats of the 21st century: terrorism and nuclear proliferation; poverty and genocide; climate change and disease. And I will restore our moral standing, so that America is once again that last, best hope for all who are called to the cause of freedom, who long for lives of peace, and who yearn for a better future.""  Which appeal is the primary appeal used in this quote?"
<IR>,"Ross Geller, an evolutionary biologist and perhaps the foremost expert in the field, says that evolution is true. Therefore, it's true."
<IR>,We are not weak if we make a proper use of those means which the God of nature hath placed in our power.
<IR>,"My friend said that if you sneeze more than three times, you have the corona virus."
<IR>,"Despite the fact that our Q4 numbers are much lower than usual, we should push forward using the same strategy because our CEO Barbara says this is the best approach."
<IR>,"Dr. McKenzie said all kids can fly, so it must be true!"
<IR>,"The claim that because somebody famous supports an idea, the idea must be right. This fallacy is often used in advertising."
<IR>,Not able to defend his position that evolution 'isn't true' Bob says that he knows a scientist who also questions evolution (and presumably isn't a primate).
<IR>,We should move to the midwest because the Wall Street Journal says the cost of living is cheaper there.
<IR>,Albert Einstein was extremely impressed with this theory.
<IR>,"How do I know the adult film industry is the third largest industry in the United States? Derek Shlongmiester, the adult film star of over 50 years, said it was. That's how I know."
<IR>,Because doctors smoke it must be a healthy choice.
<IR>,"This herbal supplement is made from a plant that grows in Zambia. It must be healthier than taking that medication, which is full of chemicals I can't pronounce."
<IR>,"'Our family has always been farmers, so we should always be farmers'' is an example of which logical fallacy?"
<IR>,"I am committed to preserving traditional marriage, the union of one man and one woman."
<IR>,"X has been around for years now.
Y is new.
Therefore, Y is better than X."
<IR>,There is no intervention for victims of domestic violence that has more empirical support from controlled studies than this one. It is clear that this is the right way to address this problem and we should all be providing this therapy whenever victims of domestic violence come to us for help.
<IR>,"Nature gives people diseases and sickness; therefore, it is morally wrong to interfere with nature and treat sick people with medicine."
<IR>,"You should eat more green leafy vegetables, because Ms. Lord says so, and she is an expert on grammar and vocabulary."
<IR>,Appeals to an authority that has little to nothing to do with the argument
<IR>,Studies show that it takes up to seven years for the human body to digest a piece of gum.
<IR>,"The owner of the car dealership by my house told me I need a new car, and he would know since he works in the industry."
<IR>,Asking a respected scientist to weigh in on matters of economics is what fallacy?
<IR>,"I think scientists are wrong. There is no such thing as global warming. I just finished talking to my boss, and he thought the idea was ridiculous."
<IR>,"""My brother's girlfriend's Mother's hairdresser said that COVID numbers are going down, so I'm not going to bother with my mask"" IS an example of this fallacy."
<IR>,"""The art teacher spoke in the trial as a witness in support of testing perfumes on animals, and he persuaded me."""
<IR>,"My neighbor told me that the position of the sun, moon, and stars decide our personalities. I believe her because she is a famous violin player."
<IR>,"I know nothing about Tank Johnson except that he has a criminal record as long as your leg, but I’ll bet he’s really just misunderstood"
<IR>,"""Your Honor, the defendant has been able to provide no strong evidence to prove his innocence; therefore, you must find him guilty."""
<IR>,The Tooth Fairy is real because nobody has proven she doesn't exist.' This is an example of which fallacy?
<IR>,We believe on what we believe in.
<IR>,"Saying that the burden of proof lies not with the person making the claim, but with someone else to disprove."
<IR>,I've never been hit by lightening when standing under a tree so we'll be perfectly safe to shelter by this oak now.
<IR>,"Although we have proven that the moon is not made of spare ribs, we have not proven that its core cannot be filled with them; therefore, the moon’s core is filled with spare ribs.

X is true because you cannot prove that X is false.
X is false because you cannot prove that X is true."
<IR>,"""You can't prove that mermaids actually don't exist and therefore it's reasonable to say that they do"" IS an example of this fallacy."
<IR>,"In the 6 years that I have been practicing my new and improved brand of cognitive-humanistic-dynamic-behavioral-deconstructive-metaregressive-deontological psychotherapy (now with biofeedback!), which I developed, there has not been one published study showing that it fails to work or that it has ever harmed a patient. It is clearly one of the safest and most effective interventions ever devised."
<IR>,"The “prophet” Nostradamus wrote about 500 years ago:

Beasts wild with hunger will cross the rivers,
The greater part of the battle will be against Hister.
He will cause great men to be dragged in a cage of iron,
When the son of Germany obeys no law.

Surely he must have had some vision of Hitler!"
<IR>,"SuperCyberDate.con determined that Sally and Billy are a great match because they both like pizza, movies, junk food, Janet Jackson, and vote republican."
<IR>,What is The Texas Sharpshooter?
<IR>,the best money can buy…  (Don’t mention it’s expensive and often needs repair.)
<IR>,A woman decides to visit a certain doctor after only asking advice on the best doctors from ONE friend.
<IR>,The Windmill debate- Snowball promises that the Windmill will mean less work and better living conditions. Napoleon says that it's just unnecessary and will be more work.
<IR>,"If someone said, ""all kids love Cinnamon Toast Crunch, but you don't love it so you must not be a real kid,"" what logical fallacy are they using?"
<IR>,A real video game would include set goals!
<IR>,"Andy states that a Scotsman would never put sugar on his porridge. Dougal replies that he is a Scotsman and he does put sugar on his porridge. Andy counters that no true Scotsman puts sugar on his porridge.

Andy thus changes the terms of the argument, implying that Dougal is not a ""true"" Scotsman in order to support his own position."
<IR>,"Angus declares that Scotsmen do not put sugar on their porridge, to which Lachlan points out that he is a Scotsman and puts sugar on his porridge. Furious, like a true Scot, Angus yells that no true Scotsman sugars his porridge."
<IR>,"Don't be out-dated and un-fashionable! Buy the new, modern double-lined heavy duty jeans - the old ripped jeans of the past are out!"
<IR>,You moved the goalposts or made up an exception when your claim was shown to be false.
<IR>,"While I think most people shouldn't be allowed to falsely claim they need a support animal on airplanes, I really do need my dog to calm me down. It's not my fault my doctor won't give me authorization."
<IR>,"Fred, do you still cheat on your girlfriend?"
<IR>,"""How am I to get in?"" asked Alice again, in a louder tone.
""Are you to get in at all?"" said the Footman, ""That's the first question, you know."""
<IR>,Do you think that we should convict this criminal?
<IR>,"Grace and Helen were both romantically interested in Brad. One day, with Brad sitting within earshot, Grace asked in an inquisitive tone whether Helen was still having problems with her drug habit."
<IR>,Did your misleading claims result in you getting promoted?
<IR>,Is your stupidity inborn?
<IR>,Did John ever give up his bad habits?
<IR>,What did you use to wipe your fingerprints from the gun?
<IR>,Where did you hide the marijuana you were smoking?
<IR>,Has your clinic stopped those unethical practices yet?
<IR>,Why must you always take such a stupid and uninformed approach to ethics?
<IR>,"Marty: Doc, I'm from the future. I came here in a time machine that you invented. Now, I need your help to get back to the year 1985.
Doc: I've had enough practical jokes for one evening. Good night, future boy!
"
<IR>,"NASA: Yes, we really did successfully land men on the moon.
TinFoilHatGuy1969: Yeah, right. And Elvis is really dead.
"
<G>,"""A person apparently hopelessly ill may be allowed to take his own life. Then he may be permitted to deputize others to do it for him should he no longer be able to act. The judgment of others then becomes the ruling factor. Already at this point euthanasia is not personal and voluntary, for others are acting on behalf of the patient as they see fit. This may well incline them to act on behalf of other patients who have not authorized them to exercise their judgment. It is only a short step, then, from voluntary euthanasia (self-inflicted or authorized), to directed euthanasia administered to a patient who has given no authorization, to involuntary euthanasia conducted as a part of a social policy."""
<G>,"""There is ... a radical element, a homosexual agenda that wants to redefine what marriage is. They want to say that a marriage not only is one man and one woman but it is two men or it is two women. What logical reason is there to keep us from stopping expansion of that definition to include three people or an adult and a child, or any other odd combination that we want to have?  ... and it does not even have to be limited to human beings by the way. I mean it could be anything. ... There is no reason why we cannot just completely erase whatever boundaries that currently exist on the definition of marriage and say it is a free-for-all, anything goes."""
<G>,"“Animal experimentation reduces our respect for life. If we don’t respect life, we are likely to be more and more tolerant of violent acts like war and murder. Soon our society will become a battlefield in which everyone constantly fears for their lives. It will be the end of civilization. To prevent this terrible consequence, we should make animal experimentation illegal right now.”"
<G>,"My grandmother smoked for 80 years and died at 100. Obviously, smoking isn’t harmful."
<G>,My neighbor’s child was kidnapped while playing alone in her yard. My city must be a dangerous place for children.
<WCB>,"The administration of echinocandins in this patient has been a very successful choice. Fever has subsided, along with the rest of the septic manifestations, in less than 48 hours. The chronological correlation suffices for me. I am convinced it was a fungal infection."
<WCB>,"I go to my front porch every morning and yell, “May no tigers enter this house!” and for 20 years, not a single tiger has entered my house. My tiger prevention strategy clearly works."
<FU>,"Throughout history, most philosophers thought men were more rational than women, therefore this is true."
<FU>,"Slavery is accepted by just about everyone in our society, so it’s ethical to keep slaves."
<IR>,"""University of Virginia professor [Charlotte] Patterson, considered a leading researcher in the field, says she has reviewed 22 studies involving offspring of gays ranging from toddlers to adults. She found none convincing [sic] that the children had suffered or were more than normally inclined to be gay. [...] Conservatives discredit Patterson by pointing out that she is an acknowledged lesbian, with a presumed ideological interest in the subject she studies."""
<IR>,"Speaker 1: Dr. Singh says meat eating is bad for the environment.
Speaker 2: He’s a Sikh. They don’t eat meat. Of course he would say that. He can’t be telling the truth."
<IR>,"Speaker 1: No fault divorce is really harmful to the family and the larger society.
Speaker 2: Well, you must not really think that since you’re divorced yourself."
<IR>,"Speaker 1 (Democrat): “Donald Trump is a known adulterer. It reflects badly on his character, and suggests he might not be trustworthy.”
Speaker 2 (Republican): “What about Bill Clinton? You didn’t seem to care when he cheated.”"
<IR>,"“It’s wrong to tax corporations—think of all the money they give to charity, and think of the costs they already pay to run their businesses!”"
<IR>,You can’t give me a C. I’ll lose my scholarship.
<IR>,"You should marry me. I know we’re not compatible, but I only have a year to live, and you’re my last chance."
<IR>,"Speaker 1: I think it’s terrible that a game hunter killed Cecil the lion.
Speaker 2: What about all the babies that are killed every day by abortion?"
<IR>,"“We should abolish the death penalty. Many respected people, such as actor Guy Handsome, have publicly stated their opposition to it.”"
<IR>,"To my knowledge, there are no studies supporting this approach. Therefore, I see no reason to change our routine."
<IR>,"We haven’t proven aliens didn’t create life on earth, so aliens created life on earth."
<IR>,"We haven’t found the ruins of Troy, so the city of Troy didn’t really exist."
<G>,"My friend swears the mechanic at that shop overcharged her last week and after looking at her invoice it seems she’s right. So don’t take your business there, as you’ll definitely get ripped off."
<G>,"All Greek food causes illness;  when I traveled through Greece, I got food  poisoning."
<G>,The United States is the wealthiest nation in the world. So every American is wealthy.
<G>,"If you miss practice, it means you were probably goofing off. People who goof off drop out of school and end up penniless."
<G>,"Since many of the students at St. Cloud State University get A's, St. Cloud State must  be a top-rated school."
<G>,"Duke University has the best basketball player in the NCAA, therefore they will win the tournament this year."
<G>,"Ten years ago I got a 170 on the LSAT, so I expect to get the same score again."
<G>,"The last Democrat winner of the New Hampshire primary won the general election. This year, the winner of the New Hampshire primary will win the general election."
<G>,"The more things change, the more they remain the same."
<WCB>,"Bush was ""determined to knock down Saddam Hussein"" because of his ""nuclear  bomb potential."""
<RR>,God exists because the Bible says so. The Bible is a reliable source because it is the  word of God.
<RR>,"According to my brain, my brain is reliable."
<FU>,"Everyone knows that Japanese DVD players are the best. After all, the outsell American players two-to-one."
<FU>,Almost everyone at my school will be at the party Friday night. It must be the right thing to do.
<IR>,"Of course the Senator from Maine opposes a reduction in naval spending. After all, Bath Ironworks, which produces warships, is in Maine."
<IR>,MacDougal roots for a British football team. Clearly he's unfit to be a police chief in Ireland.
<IR>,"Professor, please, PLEASE reconsider my grade on the Final! I know I only answered 7% of the questions correctly, but I didn’t really deserve an F! In the past week I sprained my ankle, my dog ran away, and my kitchen caught on fire! I think it’s only fair I get a chance to retake the test!"
<FE>,Either we go to war or we appear weak.
<DEP>,"I like my steak rare. But I don’t care for aardvark steak, even though it’s the rarest steak in the world."
<DEP>,"“Every society is, of course, repressive to some extent – as Sigmund Freud pointed out, repression is the price we pay for civilization.”
"
<DEP>,He said a lovely lady like me doesn't have to worry about his bear because this is a man-eating bear.
<DEP>,His political party wants to spend your precious tax dollars on big government. But my political party is planning strategic federal investment in critical programs.
<IR>,"My roommate wants to talk about cleaning out the garage, so I asked her what she wants to do with our patio furniture. Now she's shopping for new patio furniture and not asking me about the garage."
<IR>,"Because Martin Sheen played the president on television, he'd probably make a great president in real life."
<IR>,Word processed papers are clearer and more error-free than typed papers  because they make use of new technology.
<IR>,"Everyone should be patient and wait for his or her turn in line. However, I need to go to the front because I am late for an appointment."
<IR>,"No one has ever been able to prove that extraterrestrials exist, so they must not be real."
<IR>,"No one has ever been able to prove that extraterrestrials do not exist, so they must be real."
<IR>,The model is in close agreement with the data.
<IR>,"Because 90% of college students polled had no debt, education costs are not a problem."
<G>,"We can’t legalize marijuana; if we do, then the next thing you know people will be strung out on heroin."
<IR>,Of course that doctor advocates vaccination—he probably owns stock in a pharmaceutical company.
<G>,My opponent is a card-carrying member of the K.K.K.
<FU>,A news story that reported that Captain Shah was under investigation was shared widely on social media. He must have been the individual who caused the crash.
<DEP>,"Noisy children are a real headache. Two aspirin will make a headache go away. Therefore, two aspirin will make noisy children go away."
<DEP>,I don't see how you can say you're an ethical person. It's so hard to get you to do anything; your work ethic is so bad
<IR>,"Q: Did the President have an affair?
A: ""He's very busy at the moment with the Middle East Peace talks, and has no time for
 silly accusations."" "
<IR>,"Your mom thinks you spend too much time playing video games. You bring up that
she spends too much time shopping."
<WCB>,I've had bad luck for so long that I'm bound to have good luck now.
<IR>,"My dad went to school, so he knows everything about the education system."
<IR>,You're complaining because you have to walk to school? I used to have to give my parents my entire paycheck.
<IR>,argues that a proposition is true because it has not yet been proven false
<IR>,attaching an argument to a person of false or appeared authority in order to give credence to their argument
<FU>,claiming that an idea or belief is true simply because it is what most people believe
